date,QE,QH,RTS0,Lstar
2000-01-01,2.51978324089363,-3.73897557631699,-27.8883330546864,-319.373538727124
2000-01-02,1.74165308081276,-5.46892989432126,-31.717659487178025,-152.968846801856
2000-01-03,1.25167845519928,-4.22763605884711,-33.4230245718862,-86.6503405453701
2000-01-04,0.501408376749637,-10.6479474414241,-33.33743773300728,-5.84546096634438
2000-01-05,0.455403715323960,-11.5527020774641,-33.31031258175082,-4.12315650789350
2000-01-06,1.02388731132886,-7.93560784507508,-35.252616620387926,-51.6189105564679
2000-01-07,0.616686955713860,-8.87619685771733,-36.832468954115825,-22.1905090010282
2000-01-08,0.663477893306105,-7.43476061847650,-38.130658449965125,-37.3734820944795
2000-01-09,0.323360827226415,-11.1748912236749,-36.69355532324232,-4.83796057917086
2000-01-10,0.950263906948239,-5.90665087709294,-36.42643013517008,-64.9181551224371
2000-01-11,1.13775311237173,-0.394783433825069,-36.271365483579956,-1796.40147803298
2000-01-12,1.07723925203929,1.40508668537404,-37.39074426389803,357.415253533566
2000-01-13,0.956909793829879,0.508128012489124,-39.22833624362681,1434.28973204651
2000-01-14,1.65189164200244,-4.73134833486347,-35.06748296710205,-539.480991587512
2000-01-15,1.49812495424210,-16.6402687323753,-35.82539285636312,-202.459066036665
2000-01-16,1.25118323418773,-11.4974274088090,-37.49582088396005,-231.973083595459
2000-01-17,0.906111293997300,-7.67435399085571,-39.84559815961907,-145.533587006286
2000-01-18,0.707218079393786,-6.68436177708008,-41.54022514612717,-105.608781352848
2000-01-19,0.575267829555240,-4.92898499783360,-43.68443068975998,-150.223588601251
2000-01-20,0.578716160765129,-6.36264978116014,-43.45814581275059,-120.316245170585
2000-01-21,0.836253221824081,-3.18565046562071,-41.564059124936705,-360.962790752581
2000-01-22,2.36532688037961,4.95518439912576,-32.94741955961288,510.205346401079
2000-01-23,6.35756688918734,6.59567187394532,-21.537970429006265,963.702494976520
2000-01-24,7.44719158341439,-5.90556885921796,-18.675597904850093,-1990.56181988539
2000-01-25,4.55835691119512,-10.8917314470573,-23.09801314429157,-462.082114977742
2000-01-26,2.03179516770837,-13.7143141291535,-28.852910848270255,-131.280124782644
2000-01-27,2.01482998393124,-8.40542535362874,-29.268585386115205,-167.997265223296
2000-01-28,3.79257969841450,-16.1285337923127,-26.650093593024593,-427.084731353022
2000-01-29,6.72336396546871,-7.63941040742975,-22.67710601168045,-2238.06866119924
2000-01-30,5.63362986177459,-8.81755316993622,-21.66855860151918,-774.150346558540
2000-01-31,5.25604420697127,-3.58847423684801,-22.359778260646863,-1417.18650795534
2000-02-01,4.43597710531781,-4.37062637349300,-23.183046195820282,-674.473315925824
2000-02-02,7.71776711222390,2.01101841199852,-20.01196652250283,4391.51460599396
2000-02-03,7.35421162213485,-17.7819179136313,-20.766017655793036,-479.120579272769
2000-02-04,6.16556935736321,-11.8437318864144,-21.729304331245118,-439.824503220118
2000-02-05,3.94478635099233,-11.2273676427658,-24.62209611399723,-263.341219700078
2000-02-06,2.79080649160876,-24.0010232691175,-27.51645814364224,-96.9677385514462
2000-02-07,1.79147715838393,-14.7622767762477,-31.466706147089155,-79.5133111590394
2000-02-08,1.35587381817017,-5.69103093738386,-33.27239164750762,-64.1008639289374
2000-02-09,1.61807979808914,0.373578851512775,-30.92737005133685,691.733764700513
2000-02-10,1.62153671253806,1.41112943160579,-29.040310225666474,227.601926816997
2000-02-11,1.53052878245954,1.58044874588677,-29.418363481975973,136.664056495544
2000-02-12,2.03468054665608,2.78975970694091,-28.080067120828204,103.782621815202
2000-02-13,1.74713832814854,0.121302796307191,-27.039639311048347,579.256744009232
2000-02-14,0.962880900745891,-5.81837138702258,-30.28455459429506,-28.3336142155224
2000-02-15,1.74118554788348,-6.03225393837556,-29.659890047700628,-113.097878012730
2000-02-16,1.46035339385320,-0.0722487143229955,-31.924844301340812,15651.8311819086
2000-02-17,0.963530931138169,1.69265214176266,-33.6716099474186,28.3690686023917
2000-02-18,0.802536519126096,-1.14703905543729,-31.352470024962088,-33.8661212836451
2000-02-19,2.10848256245203,-3.48656730229959,-29.773489151341664,-293.087121602403
2000-02-20,1.78945952101504,-3.61869410499912,-30.340563278879586,-184.586991974741
2000-02-21,1.20389098613941,-3.85539475541282,-32.64614930667912,-88.1298859308677
2000-02-22,1.45227167809494,-3.92491370536845,-32.87991994196929,-169.849949654914
2000-02-23,1.19096028996105,-1.61401915537454,-33.16132158179508,-171.113019639233
2000-02-24,0.906109736263470,-1.91842204049317,-34.92666476707009,-95.8779780523862
2000-02-25,0.596237364002237,-0.348170210401122,-37.01616656899239,-197.544531327784
2000-02-26,0.802787066327211,4.18907412289354,-37.650765344940766,39.3129318822486
2000-02-27,1.08661386283587,9.46051277960441,-37.39704725512948,40.0473904199415
2000-02-28,1.12358912865775,9.07044257787857,-35.86894365161146,31.4703649587876
2000-02-29,0.752610423770514,5.37025985271953,-34.98735851052592,8.14952830447428
2000-03-01,0.726880509759990,12.2174324701898,-37.86656023008541,2.96448278059553
2000-03-02,0.723361660171754,12.5375318206909,-36.72728052932456,2.15018226113672
2000-03-03,0.522813099088517,6.87013135904817,-33.62242606148334,0.756165775952958
2000-03-04,0.215254931622796,2.66542468588256,-32.233170159507495,0.125660553100832
2000-03-05,0.0799171390049562,1.07290639845198,-31.003961137408993,0.0262882324476702
2000-03-06,0.0317326811096707,0.412921574996743,-29.30596801339115,0.00546958700168003
2000-03-07,0.0753227041501609,1.17774179198540,-27.833085111283737,0.0171041662582338
2000-03-08,0.451631037579611,4.28593254576515,-21.579011947265002,0.119709445482837
2000-03-09,0.592930805833936,5.61814634289220,-22.233339370078596,0.0951945977452646
2000-03-10,1.79624944285045,10.4613708265443,-16.20140155986627,0.442936876028205
2000-03-11,0.528286350480855,3.53199514036476,-21.48176540922475,0.0880042096049400
2000-03-12,0.255017367150019,2.19577324229064,-21.354260719179848,0.0217328667719034
2000-03-13,0.204050745768206,1.66788817297792,-18.536129296695577,0.0106674130034322
2000-03-14,0.469494431845279,2.94910134485850,-15.022270999014722,0.0449314415329169
2000-03-15,1.03118939589767,5.82219052327898,-18.79137072186637,0.882919062992195
2000-03-16,4.16485162094478,27.8206629657225,-21.182745653801902,7.89934596398941
2000-03-17,6.50022681895953,28.3308247954410,-21.664066702566117,155.101597433811
2000-03-18,7.97834299277471,33.6876782351228,-21.06307599932765,133.549494966255
2000-03-19,6.15149861065499,40.2516477259996,-22.645988375992914,29.2240597439625
2000-03-20,5.34790693614727,44.5444784075107,-23.596115335565713,14.8253387186188
2000-03-21,4.81091987859838,44.8391482161619,-23.338552486164332,3.74832400497945
2000-03-22,3.16400233815488,21.5356527451208,-17.18352465520826,0.153395059756484
2000-03-23,1.48310981217260,9.25719912921076,-13.370715210650303,0.0544257472619793
2000-03-24,1.36330679130758,8.33881911704877,-12.273448671276753,0.0623457667889120
2000-03-25,1.74059122332876,10.8165938697537,-12.216441067534845,0.0888781391482560
2000-03-26,2.09508422050531,12.6865869704486,-11.947519017015736,0.103353247508764
2000-03-27,3.71441154957279,18.2880906522702,-9.901109985287292,0.272698390603347
2000-03-28,9.02766930897658,30.0984157803846,-8.761933369379733,2.58405254182461
2000-03-29,10.8072318626035,30.0485673281078,-10.619503358242184,13.3312818689253
2000-03-30,12.8779290936398,50.3164264899092,-13.116610445358845,16.2566503105029
2000-03-31,8.61653743712077,34.7639662348574,-13.983063747209542,3.77341272922069
2000-04-01,8.54016556823191,41.9370485211141,-14.11835777013573,1.99293142868938
2000-04-02,9.22103060165854,48.3270370065297,-13.613210724374142,1.92491252605593
2000-04-03,9.58193859658412,54.6072059582148,-14.859438865638992,3.17883955196189
2000-04-04,11.1676498959025,50.1630552948886,-13.43947260877593,6.96227779165651
2000-04-05,10.8288621509545,47.9066653083134,-12.283341368572849,1.91313785207312
2000-04-06,11.2227947767781,48.6511216355632,-11.17226413806759,2.16120860336965
2000-04-07,10.2194651597378,52.9743349315429,-13.609163026656972,2.77536265376640
2000-04-08,9.33670829624431,47.2523548081755,-11.528134199483759,0.547518148403906
2000-04-09,8.82189211024324,38.1168667951140,-7.96056536966239,0.432825906475086
2000-04-10,11.9519546908569,39.4039786458060,-4.277574488538733,0.573128301179845
2000-04-11,14.5074841760796,41.3255855459120,-2.8927115739463147,0.738770016295919
2000-04-12,11.6025087511634,31.5061743840540,-5.069116030702048,1.38661567819364
2000-04-13,23.1714382192989,52.2478653721485,-2.1187535544913203,3.81307923704036
2000-04-14,20.9098532057464,54.6594462338608,-2.3014013868180427,0.931128509509203
2000-04-15,13.1608238694009,40.0145753493142,-3.6358230276848644,0.515686578446107
2000-04-16,16.6586049300849,39.3587224165100,1.2808214936882223,0.452260294088860
2000-04-17,18.0774824208147,38.0641961834689,3.600944464166389,0.361553206463988
2000-04-18,18.8687494673147,42.9243434770476,1.8651322099838126,0.684669751588311
2000-04-19,19.6515391879728,34.4298508943797,5.96935394862453,0.240202602147400
2000-04-20,18.8312794455591,29.4290691654311,8.422488552007167,0.282979459047908
2000-04-21,11.5324256137273,18.9669517331727,6.105158135759439,0.165106893639003
2000-04-22,19.4223852707832,27.3402853716806,9.809033331465344,0.346468303998026
2000-04-23,28.4928756844407,49.8324018715454,4.356659860750767,2.35903882544659
2000-04-24,36.8780596494557,63.3545341499002,0.9913010515356859,23.5931605307160
2000-04-25,37.8499059080345,77.4802845979511,-0.7891131297025709,38.7485239432294
2000-04-26,23.4850933367373,104.502352594147,-9.626351950857327,89.6272477392681
2000-04-27,18.9732594494618,108.198086386519,-12.876885933312394,43.0531134783251
2000-04-28,21.6514726151985,113.852148443956,-11.382519493489212,11.9724199729603
2000-04-29,25.4343103030767,96.9730889014509,-6.757036087169979,2.74476861941710
2000-04-30,23.6399135841363,69.7010245329311,-2.7051593087271613,0.974411884313504
2000-05-01,23.6356317853153,67.7409330661344,-2.3879552575604066,1.68494634979732
2000-05-02,28.1134938677224,81.4326085488124,-3.0985447156242003,3.38137078974217
2000-05-03,24.6991933965433,75.2013259006999,-4.649868284058812,2.97323159249467
2000-05-04,26.5878275950186,72.6622629971243,-1.450040851542667,0.931212619278946
2000-05-05,33.8591050731128,67.0060655051925,3.296405126543789,1.41200029418059
2000-05-06,29.5569498397527,62.1490741710877,0.7558020044631348,2.84488771746873
2000-05-07,39.7151487386361,61.7891301058617,5.011065590711553,2.99356371363638
2000-05-08,37.1619735385690,67.3924306081851,3.8167786375840933,1.98404469280272
2000-05-09,41.5494570428643,77.3182967032376,3.153651716748641,7.22350049261120
2000-05-10,40.7535180804568,84.6938721213187,1.5855392130382597,6.62010610955168
2000-05-11,37.0396071545357,73.6921780043954,0.7575492372847634,12.5923724529461
2000-05-12,36.0097179072377,105.104750429176,-3.0617804938576114,13.7302035157823
2000-05-13,44.6339345224442,91.8173512394605,1.6803415641039123,6.09486251473456
2000-05-14,43.2320523454951,72.0651601669169,4.535077104146069,4.34565676818370
2000-05-15,47.7817795484645,79.6014634206135,5.149583847245992,4.04389404091507
2000-05-16,44.7222455657929,77.4686697344757,4.9536144311647945,2.05239802820053
2000-05-17,46.5243905909561,69.0495653188614,8.564648039576412,0.908091906410337
2000-05-18,49.6584334391160,68.4768480734983,9.32034369205195,1.96300263990284
2000-05-19,53.5613532430529,74.9573899470024,8.53423445720415,2.74853743033186
2000-05-20,54.9197851792864,64.7974653664087,11.654457537816882,1.01654798851072
2000-05-21,52.4679220380835,48.0480763156003,17.334059282710996,0.360170810972914
2000-05-22,47.5895940903837,34.7428026311255,21.81155750623742,0.258033738533564
2000-05-23,46.0061547436866,30.5756122355336,23.411376030102076,0.253994759527001
2000-05-24,44.9467938518518,30.3527674637099,21.46009648380891,0.460716596492869
2000-05-25,49.8793257541778,35.2258673620468,16.25840379158973,2.27973103798388
2000-05-26,66.6899888906747,67.6392946854248,10.627046778740123,8.94660175795470
2000-05-27,62.0246176454637,93.6436735840334,5.974345062910686,18.7382391645205
2000-05-28,60.7506792696029,101.711623668243,4.147134879601538,26.2569410409260
2000-05-29,66.7925994882338,89.9982879148938,6.247127977866228,28.1803603146488
2000-05-30,60.0790239829515,66.3178542482942,8.645059077509018,13.4460399593617
2000-05-31,68.3384164489259,81.1716802526089,7.342385035454242,22.8035755936008
2000-06-01,70.0515024379900,82.1902915663936,8.835054302415756,11.5960995547180
2000-06-02,76.3925521280526,72.0087224142585,13.235946922260837,2.97092309846686
2000-06-03,57.5665069926313,59.8099380727238,11.2177095222346,3.57890445832818
2000-06-04,66.2604615848698,53.2632805041999,13.591157187298563,3.90355294874187
2000-06-05,75.1779663993495,70.6705739277731,12.759909675953509,5.81956196697591
2000-06-06,70.1369576301473,86.2094558111030,8.706074908678715,12.6400791318531
2000-06-07,74.3568464682833,57.1205016753470,13.867300004462038,11.9474477185213
2000-06-08,73.5052212904521,66.4011008449024,12.667779473031771,26.9908268065609
2000-06-09,72.4180260200544,87.6523842804677,8.749392950915194,9.97021204411767
2000-06-10,34.7204172362548,56.9400283830109,3.488145453235063,33.9997429179547
2000-06-11,38.9669024927057,59.7369696163869,3.6911683499774313,20.9029739362506
2000-06-12,56.4006946385874,65.1395378667157,6.550168606964121,31.0383002348256
2000-06-13,78.4411618614592,67.0049968644380,9.78188124903619,12.2136042845145
2000-06-14,44.0040074394359,54.7614588919109,7.160885939819877,18.4281470254907
2000-06-15,69.0561550427826,76.9620675949855,8.894926342025542,9.16472686027920
2000-06-16,75.0662236022105,71.3738798145841,9.705224153013717,8.79021011523141
2000-06-17,36.9197446078280,32.2210574954465,11.404173064854206,21.0493590995936
2000-06-18,34.9233084846712,40.2480395952939,7.730093516608008,15.6218534742347
2000-06-19,36.1952273113736,43.2565617621303,7.537713822970261,57.9466967029706
2000-06-20,36.0573259004621,48.4547452677953,4.6279547348843835,50.8210046950890
2000-06-21,63.1465413095461,65.5424640281271,8.746014169334273,7.32157324249465
2000-06-22,71.4885704154187,67.7012540753822,11.667667653578974,4.00021188735428
2000-06-23,44.5110926951899,49.4919888578147,8.071648879857605,19.9403720536167
2000-06-24,66.6922439803581,64.3549627210659,8.367092941473288,15.4426619967006
2000-06-25,77.7531021725303,61.2666276458240,11.233937385496517,15.3139434924283
2000-06-26,54.1716626076738,40.2372452970340,9.438730110280972,45.1551525091611
2000-06-27,94.9920259958376,71.8344371163157,11.883802582935914,15.9158653896191
2000-06-28,80.1377738176871,61.9592004191686,12.491733917288741,7.13852117356236
2000-06-29,26.3288950846884,36.7531020556462,4.242056580639371,64.2160816234176
2000-06-30,85.6725164127879,68.5634213222365,12.810039985855951,8.47408373001965
2000-07-01,88.2048891772784,66.9177138510522,15.084100350270603,6.57520065868501
2000-07-02,71.1556914563892,49.8732500704359,15.818410451618945,8.11389132687393
2000-07-03,59.2731223322957,44.0852020003103,14.829743030036298,5.48601623566750
2000-07-04,44.1137889134841,44.8916317144312,8.948203765141841,9.52865218533868
2000-07-05,32.2554917930227,38.3165811387212,6.2712465765429215,11.4627212772636
2000-07-06,51.8252594911266,48.6228996117452,10.313366570366895,5.46724900585728
2000-07-07,67.5337902414434,52.7191177760988,12.729114229723905,7.28250330757984
2000-07-08,44.5985840121801,40.0266340115213,10.186848252270465,37.6089858495733
2000-07-09,52.7055386517277,62.5253179785050,8.061643007254474,33.1192608644013
2000-07-10,54.9342596714487,69.0296466110585,6.700763712509968,35.7732726043287
2000-07-11,27.7878483684738,35.4571466210873,5.383386622355147,48.3154771993507
2000-07-12,43.2454950596969,44.5802425173083,8.809248791513653,13.3554225449333
2000-07-13,36.3694412364747,32.8914231866224,8.322460857532178,13.3569168638468
2000-07-14,74.3933764450654,53.1939210981357,16.39142068538115,2.47893345799316
2000-07-15,65.4125822142307,46.5456847416469,16.407287640458946,3.69997690772294
2000-07-16,65.5447471520462,47.4821600187279,16.189558810230665,3.29176254602743
2000-07-17,56.9056569247655,31.9337258741120,18.215899695611142,2.31708463300457
2000-07-18,78.3402578554680,39.4162532533446,19.600751861731965,4.70694715002988
2000-07-19,50.5829290423209,40.8441442769126,13.010224127182767,10.0449195443147
2000-07-20,35.5792225358282,37.8737348918876,6.555902225464251,59.3497422084289
2000-07-21,55.9969006848860,55.0448569914779,7.269170916063672,34.1787815306699
2000-07-22,66.4707793584866,47.2063359656695,10.949800790406414,27.0932560536257
2000-07-23,46.2078656312211,33.2297421455673,11.9109624291699,18.5715025140946
2000-07-24,56.0826539432836,33.9917676760979,15.913496077943648,4.90738021499985
2000-07-25,68.6571125255686,27.9727213016804,20.278973725912238,3.63509093628544
2000-07-26,88.2290690483253,38.4839340887274,20.939434238263857,5.42776459354441
2000-07-27,94.6932863889964,48.8358377135983,18.144497595586245,19.1577982622103
2000-07-28,82.3917476278452,56.7854984156847,15.011958280593603,26.1032095197136
2000-07-29,90.0980518480964,53.0562959915160,13.387277087157884,50.8459033745869
2000-07-30,79.6553722475910,63.0706667543100,10.556513533861335,46.5165638635936
2000-07-31,62.4863784468375,60.2023042877072,10.114955087101123,25.4961776941242
2000-08-01,57.8052102448654,54.6789068204962,10.75991168450446,7.43546050159212
2000-08-02,54.6299129375484,47.3551407365817,11.038114037040941,7.11423989250292
2000-08-03,59.5035797892179,47.6679193323685,12.219926605557362,5.65443830908863
2000-08-04,61.2569809879575,42.0046982846013,15.50292608789664,2.58916105848481
2000-08-05,70.0541535731905,35.0516006964635,19.046226047506707,2.73087212900148
2000-08-06,54.1401485145782,35.6635439224360,13.819157233697354,7.18390418731537
2000-08-07,55.6098639061350,28.2314832154034,14.634937202976857,13.4620475356552
2000-08-08,20.8103514599339,20.0011499482380,11.123397384219231,28.5545108884728
2000-08-09,36.9751619776188,35.8915493048507,5.995054716645768,38.7154134420516
2000-08-10,48.5339181417290,42.0442327807777,10.392679829991891,2.96390819444910
2000-08-11,52.4620373774068,35.6666818816532,14.457495913155867,2.14725789695731
2000-08-12,29.0529079762244,22.9537327184723,10.52355176888318,4.39374587196672
2000-08-13,41.1363394842802,34.6991229971170,9.31774607573368,5.77344206705127
2000-08-14,46.3146820954110,36.4903604718743,7.80296661308364,30.8212409246159
2000-08-15,18.6964989287368,23.0545276413059,3.5831667245473113,131.257669036821
2000-08-16,14.6915274524103,21.2098009093488,3.3500075482738794,131.894972230889
2000-08-17,19.8346846625903,25.8710922696637,4.904992961071457,45.8143066210515
2000-08-18,25.2456394639394,26.4244219013517,6.1790157513118515,23.0695974859681
2000-08-19,33.0163749565443,31.0521188864318,8.348587514329267,4.21288679985133
2000-08-20,33.7333783364682,30.3766374891584,7.812713796682715,7.70202729768087
2000-08-21,43.1654332383449,37.0518740972930,8.86934886725686,10.7914886929010
2000-08-22,46.5102766218598,35.0833781299466,9.162581786103885,14.4615990438594
2000-08-23,51.0524061102015,33.1152259149026,9.49060200531693,27.7217484413898
2000-08-24,54.3066703074578,29.2287906170941,9.413926175909012,52.2876309661396
2000-08-25,61.2094514807324,22.4597573630581,10.436150765002367,95.8661013407974
2000-08-26,54.6588213882771,22.0751766775547,10.730233299984093,88.1198350458919
2000-08-27,47.3015581978526,30.0020220509105,12.497492867788424,7.82020372817512
2000-08-28,36.6004463543412,18.4878600828047,11.189925113974539,55.6968680218114
2000-08-29,34.6325235393408,23.2807051089540,12.259770273557479,25.3571727880181
2000-08-30,25.8629382694599,20.1269340536314,7.818073980226984,20.9306781172179
2000-08-31,23.0356516034039,25.8433769412941,5.276655666122849,51.1521177774378
2000-09-01,21.0952323111960,21.6793701765419,3.349476943412469,67.1371575271485
2000-09-02,21.6978079517197,21.6501728982958,3.477251757163799,18.9785163683837
2000-09-03,29.8094947912220,27.0314352270468,8.159560251535936,4.30424671066638
2000-09-04,25.4175592070374,24.7317013903421,7.126003121119595,9.76855290529490
2000-09-05,26.4329631072922,27.0761462010396,5.1408836614762095,21.8590516642521
2000-09-06,32.4574284756108,23.1644139183127,4.9176337641141,59.8476453234644
2000-09-07,25.2329355564475,22.6430438951165,3.4920574457103157,57.9254076021979
2000-09-08,23.5886670876440,24.3348330394338,4.285834141641828,39.4352878477239
2000-09-09,23.4227565905779,20.1974792176707,4.968463459690383,28.2496364647165
2000-09-10,29.9324906391049,15.4762237460163,4.051200766131728,217.138444325126
2000-09-11,25.2746401452535,11.8320985801147,2.162856491296452,617.039874251663
2000-09-12,23.8884974309720,21.7591540882613,2.4591039184596184,73.1089672942911
2000-09-13,20.4105600045473,21.8550551013500,2.360828955663294,25.9277502696398
2000-09-14,15.1069474912025,12.9923604139346,1.633437505740119,9.27436687854689
2000-09-15,20.5295212034336,19.3991238797917,2.9505086884763045,11.5318131701242
2000-09-16,20.8308573514391,13.5042924000359,0.26776287742779914,60.6458422707564
2000-09-17,23.4003648957813,6.67438591200880,0.34461525590461406,603.815924727212
2000-09-18,24.4716143808290,8.40176267050174,0.9385378771326032,405.277275546809
2000-09-19,22.9553505800099,14.4786501263179,1.37510117305834,161.822067626780
2000-09-20,12.4873085163810,11.2279298185167,1.8833037157052104,37.5710105101305
2000-09-21,17.3676350083060,9.29250447670302,2.0170944137200877,56.2812514869361
2000-09-22,12.2064279897782,11.2053782972544,2.6071200184206873,58.3488977350350
2000-09-23,12.8049058990164,14.6135087366483,3.1204186045110305,47.6247335434796
2000-09-24,16.2196188962803,14.9893550119004,1.1133478062675408,316.935175169348
2000-09-25,14.0433354117822,7.57855746611312,-2.6738140394349443,316.464663248682
2000-09-26,13.8974083811813,16.1562072772845,0.9136771176295042,19.6019127395178
2000-09-27,11.2126522779584,9.22087112201916,-0.1372089595335524,180.744473109674
2000-09-28,14.2429145727608,6.62516636351756,-1.1932183990035696,597.524806943989
2000-09-29,11.2192633496137,-0.363769614437842,-0.9019367809138998,10213.2100072304
2000-09-30,14.6105232215580,1.90319129586351,1.4288079568715375,2696.50593419459
2000-10-01,9.47715731425112,3.01856817069438,-0.6902010760405233,1534.22120961214
2000-10-02,10.4028096629056,5.16267108092870,-4.288417101250673,719.204588100949
2000-10-03,9.61156941184794,-0.317943420473966,-6.57701974060285,28100.5581842945
2000-10-04,9.08586129335363,0.394548733377633,-5.489864628453347,4744.04216866967
2000-10-05,6.67564925823702,8.61314262775613,-6.086019887069483,52.3780542673732
2000-10-06,10.0497306484373,11.8566947317322,-3.4760740348387458,357.509463941003
2000-10-07,5.84905219231294,-12.5345022709207,-4.552961597641286,-1354.00866757771
2000-10-08,1.00058934578555,-3.88311521444029,-2.534431667958927,-81.9747676663083
2000-10-09,5.30839332110270,-11.8958534352114,-4.304089464667527,-1103.19048317817
2000-10-10,3.56119544802688,-13.5951103134503,-6.055241616433079,-414.034893471605
2000-10-11,2.63473674360506,-4.05055337476460,-2.9973677303663067,-501.507923790106
2000-10-12,2.45581937837890,-21.5439796721339,-11.60991223856638,-136.868654689755
2000-10-13,1.59300936078328,-16.4656142611993,-11.520668155763076,-89.9507948203160
2000-10-14,-0.552762849726509,-14.2523409951932,-15.864131585235725,-6.90061614581087
2000-10-15,0.0979508126822797,-12.2143576569274,-18.50759058877904,-10.0846583875608
2000-10-16,1.37537611279672,-14.5124310109845,-15.018840900369753,-53.3012736593664
2000-10-17,3.89674866161469,-11.6894116480607,-12.518790164553081,-334.218987980884
2000-10-18,1.65729689375245,-12.6281602480749,-15.90846952002687,-79.4926792947155
2000-10-19,2.15143860188394,-7.46032541296017,-17.261615594886422,-65.2674193552945
2000-10-20,0.140982319401547,-12.4955162551964,-26.834825500442633,-7.91119440029644
2000-10-21,0.742794306814811,-4.22826020165144,-23.684370981679194,-20.1475581556178
2000-10-22,2.97085223568179,0.832296629579560,-16.652930640396278,196.094635001200
2000-10-23,1.49414740220540,-3.13877195927103,-17.8002227177644,-31.1307229165008
2000-10-24,0.323196220633568,-19.7733484002683,-27.6013721313374,-19.2748533449469
2000-10-25,0.933962850119636,-11.0820629078180,-24.057796047113612,-31.4811823866517
2000-10-26,1.64745080104612,-8.37904721456152,-18.318460030386575,-86.1833863285303
2000-10-27,0.871985794932568,-9.23462462270618,-21.36778493576955,-26.2310534645152
2000-10-28,-0.0286179879747719,-14.4773042496743,-27.55453285743414,-5.58386251868941
2000-10-29,1.29352497544335,-5.38253026477014,-20.164997215990297,-30.8005115589878
2000-10-30,0.627378488186679,-11.3150098465949,-20.537667708542784,-18.4288066564122
2000-10-31,0.454631512039414,-16.7023949050763,-22.06569034540658,-22.5901413497147
2000-11-01,0.370958266396030,-20.7260568902298,-26.859742229160474,-24.8433854100956
2000-11-02,0.462233577792500,-16.6345455967567,-30.875664082526498,-22.2432364855326
2000-11-03,0.402173855290143,-16.5844918485600,-32.07706109100076,-18.2574950867731
2000-11-04,0.563613473381419,-12.5903557307734,-27.406375211676732,-11.6518699925228
2000-11-05,0.828400443873670,-5.37646185876997,-23.45683963497811,-9.13024100754141
2000-11-06,1.16324730766215,-9.56511881993720,-24.218015936711566,-31.7562128054250
2000-11-07,0.379239111258091,-20.2676914684844,-30.46568085041676,-18.2881821978474
2000-11-08,0.0865610888158210,-23.8539252921005,-35.49832100688741,-10.4219995379129
2000-11-09,0.147313291215476,-23.2482738167628,-34.73630917889162,-21.0971458978998
2000-11-10,-0.180176578565665,-18.7415427055244,-33.26184298140663,-4.87206022101795
2000-11-11,1.25014831221737,-8.00899599631748,-27.10168393953927,-41.4091580105608
2000-11-12,2.21773399689607,-28.3108310233038,-20.771202801941286,-165.241840731562
2000-11-13,0.539305605244234,-31.6189779688393,-22.39239667577823,-43.3106859615243
2000-11-14,0.450310970567477,-28.7297354168986,-25.632722431467982,-43.2913733788997
2000-11-15,0.445857040331568,-28.8721198871981,-26.21391291735094,-43.2215297071429
2000-11-16,4.12733203151951,-7.08957998910955,-18.014138735259223,-453.769444914731
2000-11-17,3.17369700354316,-18.5286522672732,-17.434700716597405,-250.058139201793
2000-11-18,3.07897103946194,-14.6565100787184,-18.72052701008201,-249.298299321438
2000-11-19,1.56667565792066,-10.9552693852456,-18.442171283623964,-54.4881682412618
2000-11-20,0.539932363253824,-14.8521429239609,-21.664117139441146,-16.6868844521789
2000-11-21,2.06221197614814,-31.5960982517017,-24.28177398227305,-155.321560345385
2000-11-22,4.61214958141075,-14.3194156298468,-23.005165449014328,-1075.48705628856
2000-11-23,2.58925435785655,-31.9478218282084,-25.916106979950797,-194.264442560570
2000-11-24,2.24396712383969,-26.9692908425168,-24.138745091966996,-86.3704900179351
2000-11-25,0.292078284900342,-35.3368854995788,-28.677330186992094,-27.6172753491545
2000-11-26,0.127085546943115,-28.5217456643832,-34.50202848530657,-13.3252463354940
2000-11-27,0.0296466687384109,-25.7383254218826,-35.59939712521853,-15.9828945360668
2000-11-28,0.110561796915855,-25.7327375356258,-34.65244554099104,-24.6922575512611
2000-11-29,0.0339009566323685,-24.4668989849938,-35.804496183338586,-11.3608486278758
2000-11-30,0.123560487458188,-24.8832496386108,-38.606884222530766,-19.9100513669881
2000-12-01,1.07220219069562,-7.77238260538297,-30.81202717087092,-88.1953412403215
2000-12-02,1.36155662682681,-17.8582523022278,-29.372153068498704,-134.652588890791
2000-12-03,0.881144163897671,-37.9041855371515,-33.436081510526066,-81.0796664284588
2000-12-04,0.454244134982454,-24.8966934471555,-36.95713768949284,-26.8391756379237
2000-12-05,0.490864304432529,-20.9865855333833,-39.09346305356297,-36.8672658676753
2000-12-06,0.509299442248710,-20.5900410294312,-37.874430140420685,-34.8677011651552
2000-12-07,0.613491965496182,-21.6929740881315,-37.53781068644673,-47.7373850510109
2000-12-08,1.22847064798971,-20.7513759756966,-32.650412878963834,-83.5677324306759
2000-12-09,0.662152575624514,-15.8635719434392,-33.62371337127922,-29.8345410504366
2000-12-10,1.97018530681053,-6.14973841065785,-25.50827447962297,-124.954462949830
2000-12-11,1.10371481620776,-11.6335857224353,-28.860077523207394,-33.9266977117488
2000-12-12,0.455249724564815,-29.3475582212650,-28.24282496838285,-39.3680597872424
2000-12-13,0.360019055136373,-16.2445818484061,-31.438858135457252,-12.6249095780612
2000-12-14,1.90297915512469,-8.09011496622406,-28.762643808026127,-110.038955831486
2000-12-15,0.475168385203800,-17.9750018015266,-37.183724139817684,-17.3611145292542
2000-12-16,1.74619530277155,-3.28595656566449,-30.36905930972182,-224.520106934920
2000-12-17,1.03675398580843,-14.8142951601753,-28.272751042807016,-33.4472111184750
2000-12-18,0.712140823109018,-13.7701088724648,-34.20674122259015,-26.4581020648713
2000-12-19,0.504244340494053,-11.2423709854888,-34.006729158794144,-11.1236593171857
2000-12-20,0.367429010506411,-11.8862929998827,-34.15011867495389,-7.42576404898552
2000-12-21,0.974083007161600,-11.6991562314524,-32.19856279351194,-41.7008084576636
2000-12-22,0.565784646068140,-10.7763105018648,-31.739729082432092,-13.4137521546909
2000-12-23,0.523771921340064,-9.54095658037818,-32.13560273610378,-9.91359469277666
2000-12-24,0.487834317820205,-9.13000183365648,-31.677358971647124,-6.25299534055475
2000-12-25,0.117999485555742,-8.00855906380025,-31.026692681750404,-0.824112729753790
2000-12-26,0.869098129121443,-11.5300357531028,-32.4123375803718,-13.1090862442820
2000-12-27,2.00713272190489,-4.80522881149318,-28.19859810980452,-154.919190906135
2000-12-28,1.68684430884661,-4.98145641260817,-25.705946623897717,-50.4090140610590
2000-12-29,0.765528440627173,-11.3385983054268,-34.13367057057346,-25.0058763033154
2000-12-30,0.726160768641821,-17.8937355833914,-35.61237237934043,-36.8846903025058
2000-12-31,1.67017512987537,-21.8381428240373,-31.867656734014332,-150.508890852407
2001-01-01,1.02452733491758,-15.5167241537347,-34.397064335159826,-69.3796865435576
2001-01-02,0.560411805265153,-7.62276439186235,-39.130114376271024,-37.3133621684645
2001-01-03,0.671790562557777,-5.29721161548787,-38.81118629023436,-58.7204790302958
2001-01-04,0.616183926580777,-7.46595832915182,-38.03792098026341,-34.1649866620590
2001-01-05,0.793387402322209,-10.5708079272690,-38.9681754412085,-111.512898190630
2001-01-06,2.58451952572892,-5.70126798952060,-30.71811317482303,-827.813342000221
2001-01-07,4.06291735702229,-9.11148778802999,-26.251448364547343,-1007.81239561749
2001-01-08,5.15415270560303,-7.92043412529529,-22.945732392057124,-813.417667338278
2001-01-09,2.93779951512705,-15.9945548806581,-25.59653128352855,-147.133725949896
2001-01-10,1.03172600562297,-12.3104121281517,-30.22757392802808,-22.1344241578204
2001-01-11,0.966655067342971,-14.8607681444400,-35.37493439188779,-50.3775124862989
2001-01-12,3.03428148362737,-5.96272530889837,-28.26779439666825,-525.405660618955
2001-01-13,3.09689418212757,-3.89598466363805,-26.635310173393577,-438.631235209896
2001-01-14,1.64540791059226,-8.80836059944022,-30.952764600462842,-90.0704265114793
2001-01-15,1.26728331561831,-19.6059310206292,-33.91431038691286,-83.3280790510243
2001-01-16,3.71058749343538,-11.7766499842601,-28.05014471184191,-755.691233679770
2001-01-17,3.85284004739000,-18.2444552452089,-26.393971818098095,-390.090373431902
2001-01-18,3.53805437697332,-21.4354169785984,-26.678458332381666,-270.885376684673
2001-01-19,2.72416833272546,-23.2087472215972,-27.56586457589009,-152.435595806786
2001-01-20,1.87301121092461,-22.3757833478403,-28.262879869831636,-61.3760613038483
2001-01-21,3.79594658756886,-14.5225633342616,-23.96338713307935,-152.492273673064
2001-01-22,1.79871855656838,-28.0622156247100,-27.346703923569635,-52.5177661871965
2001-01-23,0.912294480208730,-17.4112127622411,-31.368841846337403,-22.4245257259677
2001-01-24,0.834122949638268,-17.6559289128299,-33.887353120072646,-22.8997416883246
2001-01-25,1.15962358618331,-13.3681643399395,-34.8325086448761,-66.1084244528720
2001-01-26,1.24940651556152,-11.4263090278218,-34.64305318744323,-74.8034612467389
2001-01-27,0.469218887966045,-18.4380596914752,-39.388896009064155,-16.6625123120583
2001-01-28,-0.160254073496105,-24.0198662378787,-43.28383340047958,-0.841825392971942
2001-01-29,0.329853863408275,-18.0410021045409,-41.53927146494988,-20.4424517965182
2001-01-30,0.488030768226389,-6.28873944081352,-35.28744318066444,-14.5434324901498
2001-01-31,1.36085719898549,-4.67903873558998,-30.65088673815626,-99.2071055914237
2001-02-01,1.48300215781291,-12.7203961605633,-28.055785748055087,-54.7740269555778
2001-02-02,2.66894554785135,-14.8936631152119,-28.27417343319388,-276.844124868651
2001-02-03,6.33686743729389,-4.83057844799623,-24.30558281456001,-5338.27668385538
2001-02-04,5.60566636717208,1.31542470691056,-25.812574306494923,7216.01861461266
2001-02-05,2.54500745847696,-13.3785302521428,-30.125288053222818,-177.263916162548
2001-02-06,0.631213265867817,-20.5299307514606,-37.81468721896127,-18.6346574193808
2001-02-07,-0.0765368988734596,-19.5073939870013,-41.472972326803045,-1.00536173582529
2001-02-08,-0.0438213376612064,-22.9777408468490,-39.22816330487797,-1.49355516730001
2001-02-09,0.541102514433129,-14.9702203021097,-41.67853391320418,-37.8649403965356
2001-02-10,1.08965759912772,-5.94871745027831,-37.531985357002696,-127.043462966997
2001-02-11,3.45082019698539,5.11980919177495,-27.15264042285372,298.696356262362
2001-02-12,3.27476239754968,1.37385902084679,-22.345168677954774,300.694282722524
2001-02-13,0.575165499924130,-13.9060812473472,-32.17368114894552,-9.24443204148047
2001-02-14,-0.119919280143453,-20.4099267366153,-38.65107655094485,-1.07184241815876
2001-02-15,0.822180064568212,-11.1508944643997,-36.512886647205136,-22.6584756844471
2001-02-16,2.11866289040419,-0.853131633848079,-28.985307813296345,-864.949233572886
2001-02-17,0.435784578580675,-15.3795331741549,-36.21247476151697,-13.0211103101508
2001-02-18,0.516967276015076,-14.6042281618543,-40.080412733164565,-20.2907050754317
2001-02-19,0.775988279950869,-16.2855110327155,-39.67569403503629,-46.1433301351619
2001-02-20,0.284821277334500,-15.5925507826455,-40.33014677095167,-9.69770933174708
2001-02-21,0.342901440840645,-8.03643381692041,-36.78651256193396,-5.69308061306618
2001-02-22,0.820954433759398,-8.83497471347528,-35.39802455062599,-24.0979843916246
2001-02-23,3.84446603215909,-16.8681088244084,-24.332099738794653,-221.877305258879
2001-02-24,1.80859964295251,-18.9619945538007,-26.932208488265985,-50.7554448665117
2001-02-25,0.641989589896715,-18.5424796484858,-33.94752770507938,-18.8466867491434
2001-02-26,1.71386745561325,-3.22097984381890,-29.948345980671263,-134.296064426429
2001-02-27,3.14027209067750,-10.0053151348375,-26.08615483951303,-185.095915679783
2001-02-28,2.59338338611695,-29.5091310507160,-26.8279325794245,-123.996009916218
2001-03-01,2.19989000775687,-26.7936424667923,-28.07588553729471,-103.641590314572
2001-03-02,0.268315405712205,-20.6521912827898,-32.164147642905334,-9.25256077909058
2001-03-03,0.290482312533492,-17.4863022881382,-35.07274069818732,-10.5389922114067
2001-03-04,0.577457348253956,-15.9094969948401,-36.6732570354022,-25.9100009122038
2001-03-05,0.282336173030563,-12.0648345575096,-38.795095072499606,-10.6980349505458
2001-03-06,0.365922702186587,-11.5356400736191,-39.96517876961485,-21.1638299843759
2001-03-07,0.825009713048573,-12.2332298985448,-37.46275914303092,-76.4506291776341
2001-03-08,1.46257041111471,-14.2885082582443,-32.514215399163675,-122.650172938328
2001-03-09,2.08269408222238,-20.6498028909182,-29.84326813329318,-172.806475087446
2001-03-10,0.976628696024446,-13.5204357453435,-33.99460721840438,-59.0962089506014
2001-03-11,1.27800771326122,-16.6938465034691,-33.0293784557459,-96.8371893190984
2001-03-12,3.36582776509813,-3.25959622347727,-25.619793129247938,-704.254158505976
2001-03-13,1.53043941303868,-3.32342367633646,-26.87271378278632,-60.6139278113759
2001-03-14,0.109276261896957,-8.93741074477362,-33.258393295210226,-2.95010909040179
2001-03-15,0.411439132986790,-13.8253561434867,-37.05554115571249,-28.2845919513841
2001-03-16,0.426210309189506,-13.5802887610803,-36.39027113447145,-36.8234469605000
2001-03-17,0.434654930441179,-13.8455372865715,-35.53316015616767,-33.1784171104982
2001-03-18,1.01011525481393,-2.82627626429348,-32.62213214323825,-119.304803937096
2001-03-19,2.94335575558635,4.14336269802970,-26.710170868852515,347.287280480552
2001-03-20,1.95666614277978,-3.56038966079541,-28.581387167943802,-266.910098213666
2001-03-21,0.408910910850070,-14.7412677045941,-34.071449788293705,-14.9927355803270
2001-03-22,-0.111485073765245,-11.8706566718233,-36.62360562302504,-0.446979220218839
2001-03-23,2.57853032590733,-2.48299872795269,-29.909348621185245,-989.340149473816
2001-03-24,1.46714340136005,-4.02080437040786,-25.835769871778325,-48.7007369635361
2001-03-25,1.13441305195256,-1.18342946264829,-28.309745582214873,-76.5862329498137
2001-03-26,1.32714754557928,0.656418819642340,-28.194598519202486,156.907349999581
2001-03-27,4.95539508881774,-21.2463751259411,-18.4191545660953,-193.122605719114
2001-03-28,4.72958824619379,-14.6163623093698,-14.385391935968528,-106.896484579077
2001-03-29,1.92685326402527,-16.9270674738545,-23.723688625672878,-67.7551795337176
2001-03-30,0.539071784453814,-12.4284763726710,-34.061442740597585,-28.7582959596062
2001-03-31,0.785032722019936,-8.01537223832338,-33.8579012392417,-47.9903191025523
2001-04-01,1.25572686135626,-11.1381602072997,-30.252948227617537,-67.0919882701973
2001-04-02,6.24945484376849,-16.9892310961341,-18.104269518341397,-241.454306346318
2001-04-03,4.67312363924182,-7.53450887150939,-16.517458656587962,-201.096801539213
2001-04-04,3.39421851346362,-8.44405457548964,-19.011051681304338,-141.102028291501
2001-04-05,1.75242467767990,-5.51893832167252,-23.835373041683937,-67.5944367945022
2001-04-06,1.07566278215736,-6.15031294640357,-26.38477042486994,-32.2245587852332
2001-04-07,1.13038127734190,-6.88986850593437,-29.925192264671324,-75.4047040848243
2001-04-08,2.97812703871971,-15.6813618301976,-24.47028051008118,-164.301802606178
2001-04-09,6.84497830449380,1.95448557333657,-17.32797522702367,1814.36393602769
2001-04-10,2.23510320535745,-14.6420109881392,-26.243311471502125,-123.105509207604
2001-04-11,1.62086093976533,-9.55031632816690,-25.406399950265467,-55.0512199963368
2001-04-12,1.97401113693445,-13.7447101899620,-22.23986872035036,-60.3466245900093
2001-04-13,2.41789538026272,2.15378474668478,-23.30283987797239,178.540269725609
2001-04-14,2.94621172087751,5.35430073819361,-23.96344377102315,166.708601895991
2001-04-15,2.27603210546041,-13.6968824598216,-25.852949738710805,-164.221554744967
2001-04-16,2.10580278953650,-15.2850086410517,-26.190399657523415,-89.0758373443963
2001-04-17,1.78366137972462,-17.5570930320728,-24.117564579491756,-60.9553554965383
2001-04-18,0.971206674001822,-11.8737774724777,-25.018744905932124,-32.6152700208193
2001-04-19,1.18858792102729,-10.4470906583988,-24.53597259230054,-32.3299255141912
2001-04-20,2.69276790493845,-14.7355734478560,-20.000682985220664,-64.4568270806187
2001-04-21,2.05327720862747,-3.63234073833337,-17.81192549544005,-33.6031796067428
2001-04-22,5.92493527547342,-7.83416632026911,-13.954559302556618,-263.548461373440
2001-04-23,4.57284595475753,-14.0940442044202,-16.767920089809365,-186.105754267560
2001-04-24,4.80550139654023,-4.22227400303746,-13.631715726468485,-443.751120195695
2001-04-25,3.69308206112498,-14.9248105666620,-12.736923038815803,-97.5121235472459
2001-04-26,5.12121111776173,-19.4911534338107,-7.4358510430963065,-146.719301065796
2001-04-27,5.06442169098715,-4.23560084589462,-17.148280555021813,-426.971496721489
2001-04-28,2.77993926933886,-18.2365627797385,-14.674695194819549,-53.7481050007834
2001-04-29,2.15294405503115,-8.99780175193609,-15.049405580531527,-42.4226976089427
2001-04-30,3.16258375570028,-20.7455881719488,-9.15888954515458,-44.6857841403718
2001-05-01,8.33489826620530,5.70304382790982,-9.999924454353106,518.738609568128
2001-05-02,3.93451589535745,0.530111656033796,-7.389075461894208,159.233979945671
2001-05-03,1.65400724486483,-8.94523585068828,-12.274640320616868,-28.9195073571689
2001-05-04,5.85798029575411,9.57553802270968,-9.323973224809663,24.4644910341518
2001-05-05,2.82066638547506,0.214863615265813,-8.740626613921563,217.682668963154
2001-05-06,2.09486113178866,-5.55678248688582,-6.25490664406027,-37.5151600623706
2001-05-07,3.76369214521317,-6.41848800977687,-4.230713129107016,-98.3199718434256
2001-05-08,7.03002275532825,4.43326639608858,-1.937845865554209,87.7668660841378
2001-05-09,6.23079295310261,7.92837187955320,-5.019506550499614,26.7807011071872
2001-05-10,5.35382828052350,5.73798768315828,-9.747653744366346,38.6550582577905
2001-05-11,6.96531673156629,12.3366625685844,-10.16703701882318,37.4215590668411
2001-05-12,8.75935450542674,9.30363798631879,-8.875806106382129,156.491292472870
2001-05-13,6.42580569984646,8.27462523815348,-5.601679837487438,67.7576252080468
2001-05-14,6.00896842146986,7.21599469531498,-7.342863738947926,18.5462522621553
2001-05-15,6.38755069839026,7.40703379143861,-9.050433805796217,65.5102846287489
2001-05-16,6.58174410224537,5.50048282690386,-9.281922589222745,300.512877194712
2001-05-17,8.46697934917878,7.71927838138708,-5.528716818928899,346.087927210919
2001-05-18,6.47899159403437,8.75429622239380,-2.737488309928608,72.5495506753236
2001-05-19,7.15855754455038,4.03679082977624,-2.229164390918811,54.1129821385762
2001-05-20,3.78435809346841,0.940599057067629,-2.0753134455156896,79.4666092369905
2001-05-21,4.72605647615654,1.72418319501730,-2.2116238091492164,83.0011462459735
2001-05-22,5.21869891596043,-5.72543161443582,-0.24856293534253382,-98.5560434034426
2001-05-23,6.95397557864888,-5.53908827908253,1.0789568507571516,-94.0956837121450
2001-05-24,5.47595789600851,3.75387688875526,-1.0082545152895932,219.715238874500
2001-05-25,8.28520581897932,1.29220945281986,-1.4332188576906333,243.944824774728
2001-05-26,7.22974482808537,4.78682243248431,-2.508592639608594,87.9365857852568
2001-05-27,9.09161847909754,9.99558487051581,-4.505846086631379,22.9299697921233
2001-05-28,8.20122853789978,2.94468326435140,-3.7121348333157016,40.5770661966187
2001-05-29,5.88319473080055,-0.280483218305562,-5.239137149122371,1594.58704676890
2001-05-30,5.85264590091323,2.28154401815664,-1.010134199319964,188.527989331428
2001-05-31,6.39662681193865,0.159825305895538,2.085719521678527,821.553962674813
2001-06-01,7.51042238094121,4.39915991275120,1.2200943816023369,84.5064999714355
2001-06-02,10.6386124240513,1.27401340022379,-1.2305237874330146,150.576087981217
2001-06-03,12.2429477278920,1.04470598082435,-2.749254949179374,263.566619219294
2001-06-04,11.5282003898435,-4.48789897033157,-3.322072436662893,-94.7301089851469
2001-06-05,18.4320998335484,-19.7874398141867,-0.920192891659724,-82.1518672191681
2001-06-06,15.5916452482537,-24.5877932476510,3.7929219063158257,-39.7125439730527
2001-06-07,9.72215547997574,-12.8739256121357,5.381123348092501,-33.6458958378204
2001-06-08,95.1091435654502,71.4057544850157,15.431105435083566,8.87268838020180
2001-06-09,78.3185739489970,83.1307235703071,12.543466686979343,5.75887676381913
2001-06-10,68.2253192747820,76.2579904883373,11.560192850302826,2.77324914598466
2001-06-11,78.8164232866014,63.9912301977972,16.19405542652538,1.79517209350988
2001-06-12,71.0668631180256,52.4324540291511,18.60834237676886,1.13122230783697
2001-06-13,41.5742035407146,45.9223822302263,9.405560932590959,4.44301168450196
2001-06-14,74.5053692433441,85.3366954869166,9.357841577722866,5.96333283209461
2001-06-15,52.9072670021271,67.5139995522604,5.9980988636124835,15.0291977661505
2001-06-16,54.5850455891503,67.8216446960632,6.105039740526877,24.1649607685107
2001-06-17,78.1656346799822,79.2006674679087,11.335780312045245,4.55265202031261
2001-06-18,85.0674661178770,80.2150339548257,13.335736546160092,5.35035945601001
2001-06-19,89.3604129596570,82.2053085663983,13.902483658848496,5.62100990695527
2001-06-20,83.9661009986560,90.2428399828068,11.299592180463662,8.50160159962177
2001-06-21,75.5703925611654,89.5498981060691,9.636408864469729,9.74241211896656
2001-06-22,80.8160912641024,79.8877504657762,12.450555409621359,3.60047635827098
2001-06-23,78.9889599338712,66.2502304969396,15.3553231291923,1.85457488768277
2001-06-24,80.9873831009384,54.8121709137004,19.05557183596676,1.17647034262394
2001-06-25,72.0333206366631,48.3397689039372,19.893079036033498,0.759840732454696
2001-06-26,60.0179811782177,38.9357564007140,20.319337344095118,0.613756097294677
2001-06-27,78.8123538426084,41.2200233291701,22.342231191305927,1.25332671295504
2001-06-28,109.057053323093,37.1560334845876,22.20485995109965,7.70016929993420
2001-06-29,140.486840601049,33.1616109842007,22.911779054118256,20.5967374992080
2001-06-30,158.081302522084,19.4252615774785,22.924823814997637,46.1299997179355
2001-07-01,143.552788188853,28.0207572999980,23.862135296805775,15.4750029851408
2001-07-02,104.893218063446,54.1365302481872,21.15502206532807,6.73350733348454
2001-07-03,109.052317915703,53.7242937398414,19.597811305712582,13.4960371581609
2001-07-04,107.370430483878,51.9735146077364,19.741763793797816,14.4668898800946
2001-07-05,116.751331292110,30.4546886490039,24.667547454880207,10.0821184332643
2001-07-06,104.393313890567,40.6952455302890,18.32256980261809,22.8194287092416
2001-07-07,64.5909923179130,44.0001770844392,13.097761275513847,12.5710537256448
2001-07-08,56.4352439070277,41.2364545474711,13.990090763133537,3.48162458940115
2001-07-09,91.4107344198047,47.9825269685130,19.697188243759115,3.19346902571470
2001-07-10,100.506975602965,43.8191668529439,20.648496510377925,6.59602623016873
2001-07-11,105.361196770830,46.5538531333241,18.76510726641618,12.9052260270426
2001-07-12,72.4738951000592,39.2971858471547,17.510782526035143,7.99767962591902
2001-07-13,66.3471721165615,52.5224840013525,14.266930464800282,5.02979441084715
2001-07-14,69.7427608490145,61.9620807154047,12.31101699450386,6.70927010506787
2001-07-15,76.7880287995800,50.2099506762638,17.217983283387923,1.58115775239919
2001-07-16,74.4798242031095,31.5749556059818,19.967969161352585,3.22028439781624
2001-07-17,66.4995625050364,45.6606060131285,13.483915024997373,4.86521971556146
2001-07-18,103.537922833548,34.2722845618923,18.997582536097184,16.2900771105135
2001-07-19,98.1123793656548,43.1856839265147,15.267996265348756,26.5405397654640
2001-07-20,82.5279432139163,58.6536154311225,13.328016132726987,7.36501968137326
2001-07-21,63.8442403269477,54.0306285183465,10.585028015816306,13.4132269564486
2001-07-22,79.1444515892839,61.5993625046367,11.982431960716326,26.5577665342597
2001-07-23,79.0830439972764,36.8815969310695,17.301461141944912,13.7198137047997
2001-07-24,107.929987109524,42.0064333211594,19.772088887793586,39.1961388262110
2001-07-25,71.2820319128122,27.7859007214429,18.715832633718037,19.3859768428564
2001-07-26,113.832800476914,33.2638085229123,20.625967708238818,17.9659631390911
2001-07-27,60.1408604200107,6.74229294515408,18.129668384889897,160.668603158748
2001-07-28,118.051210956946,24.0125440723864,19.152276081718924,30.7605704289647
2001-07-29,109.038695643205,20.2378183065539,19.971290690306205,24.7044284303962
2001-07-30,52.9129658406873,11.8087516335659,14.698236497132768,50.7405383339013
2001-07-31,95.6438352763126,35.0977867358424,15.0638492491276,28.6652836615327
2001-08-01,119.543914768935,17.8196081900169,18.746364703049153,116.904466264547
2001-08-02,78.3404532271864,26.5857729193367,18.368803101384174,19.0810624089412
2001-08-03,79.4650977679355,27.3903578151335,15.724724522365307,24.4912463079442
2001-08-04,75.2403668274992,32.7174253707767,14.771229253478793,22.3088652993563
2001-08-05,60.0533474079231,33.1521937790321,12.287293024958046,42.4825590762592
2001-08-06,50.0927228773940,35.1661197171697,8.539354592504083,35.4731134046653
2001-08-07,42.1771205041090,34.4986185134758,7.276408882313319,158.107187287750
2001-08-08,41.6846251828463,32.2909946420323,6.359704092195557,66.5730824649305
2001-08-09,24.3750544112116,23.6143882597526,5.294097067016139,53.1290024493770
2001-08-10,35.9363152595351,30.0038798870678,5.83508805476589,26.2825913075122
2001-08-11,54.4335285783541,41.5262439249864,6.794532573121842,42.4718889246655
2001-08-12,49.8444700267577,31.4804148491658,7.432509973200467,48.4658607471966
2001-08-13,52.1806171096567,35.3515717630535,10.291819571582948,27.5178147997620
2001-08-14,48.3593196713635,35.1720878295450,11.621059477984204,5.95339736073624
2001-08-15,54.4109965977870,41.2657002784172,11.826922865126335,9.09915528271936
2001-08-16,67.9008240535396,31.3113255142152,14.071710412537925,43.0844382267693
2001-08-17,42.3990754788888,7.55102431588512,13.26562944867419,349.750061527900
2001-08-18,43.5879080748383,28.1836646570282,10.515928706273428,165.062887596406
2001-08-19,47.9327951362986,35.0425821689396,7.299298594335596,51.6035965363943
2001-08-20,44.4413238298996,34.4622308899670,5.801884042161532,86.0086992088233
2001-08-21,20.0280330323123,20.2083944545602,4.033543005575837,140.408368425390
2001-08-22,37.0794000199586,37.5982744190551,5.554568560245173,52.7521980705868
2001-08-23,36.5388873630529,35.8339477667369,5.974983833433498,19.7674898854723
2001-08-24,35.6173365579564,32.5824071322049,7.36181100639061,5.86434416505731
2001-08-25,28.6782900767763,27.0327510532134,8.001353333408645,3.20686842441977
2001-08-26,31.8119413688901,29.6117508351281,7.031999110765355,11.7862746382643
2001-08-27,16.9036417643275,17.8427254486096,3.466167914783682,60.2409002504206
2001-08-28,28.1389715325588,22.9257523893421,4.598691793430135,28.2069042004638
2001-08-29,25.9779237807582,21.6358036794177,5.56352353420823,12.1355492719488
2001-08-30,32.5034831698352,24.8132166692671,8.740204586838388,6.46831196591159
2001-08-31,27.1275610609878,22.5060245321961,8.479572356193046,12.1748615279502
2001-09-01,29.6486578903442,25.3973079075558,7.750110287172163,6.62923550517724
2001-09-02,20.7504290964228,19.1461753146609,3.944234479926024,22.2413504521078
2001-09-03,29.6695953613003,28.3383089412755,4.183800117157773,32.6764757705719
2001-09-04,31.0974652683751,25.4912092933810,0.10373385720487249,50.3357300522852
2001-09-05,29.3746430760295,15.8938418843136,0.15838902691342582,156.050422807286
2001-09-06,23.9713889267129,19.5020068954382,1.7589265270415808,138.930487716403
2001-09-07,23.5907444774680,22.9199884693080,1.1822458668688114,44.8432417918730
2001-09-08,24.2580265818852,23.8578264012822,-1.0075173072507937,63.4420316273440
2001-09-09,25.0754227626251,16.9555303465313,-1.4192282461115724,122.241168638616
2001-09-10,20.1855083867570,12.9930585637430,-1.6565682647567996,226.289931083634
2001-09-11,21.8410504010651,18.9778990050127,-1.9749117045092817,59.6828933396190
2001-09-12,4.83905992680550,-11.8443143056611,-1.7912053602373703,-202.195134382479
2001-09-13,7.78165046696752,-9.45280814548187,-2.5692365659378993,-238.391781247705
2001-09-14,6.77617178454639,-2.49364076338225,0.8565225260488205,-3624.79877394661
2001-09-15,6.54777475278395,-1.39955772471330,-2.1535108599127852,-3066.28118806705
2001-09-16,4.84348154634985,-0.442795558677062,-0.6041356367632034,-10502.4679003522
2001-09-17,5.28988528521488,-3.91330737375665,-2.3696172555751787,-123.096339035318
2001-09-18,2.24543040700403,-5.34516865354135,-4.383126928286629,-19.6088841717825
2001-09-19,2.95428978821796,-11.5664258470651,-4.47343691183039,-92.6723243237868
2001-09-20,5.88738873064349,-0.272076056284277,2.197946179761118,15796.2902206506
2001-09-21,12.1129959291411,16.0077298401807,3.5665131593246997,36.9100704803825
2001-09-22,14.1406197205633,17.3520567048563,3.373258863398064,15.6297633991064
2001-09-23,13.1283995007936,17.3359660004185,2.2679788440425455,18.6215585946416
2001-09-24,15.6196710177994,20.4036017644048,2.383155382189784,49.7872966356880
2001-09-25,13.4403321146368,19.4433902617370,1.6869723438207984,47.9604747453112
2001-09-26,11.9664649176819,14.0985429138218,-0.3059267417602882,30.8210794617540
2001-09-27,10.7294434503070,15.2092265694605,-1.2765907293891132,11.8412073786885
2001-09-28,8.78173060401905,5.46575575200859,-4.19784161320041,167.639983193884
2001-09-29,10.2934562112366,10.8276252198257,-3.783157437701391,63.6927133944139
2001-09-30,10.4851843993031,16.1166859052428,-2.6127040894359084,63.2435386911489
2001-10-01,10.7524761647597,15.7847239094772,-4.071976873050971,137.149924639464
2001-10-02,12.6076659575642,9.47769020703890,-3.7342120549191122,814.894634857662
2001-10-03,13.5697682909672,-10.5185105217188,-0.07795371370121984,-1482.90800258453
2001-10-04,15.7910076366186,-11.0887386549930,0.8461221114815203,-1268.93145940132
2001-10-05,8.49003124702034,10.0958455665250,-1.9414970223397745,92.8496863934020
2001-10-06,6.26643296369277,7.21284066806629,-4.774885367293223,92.5960414418997
2001-10-07,7.35547633187388,12.6404858041778,-4.677614375490066,29.3657345617447
2001-10-08,8.99792466854864,10.9792996796377,-3.957395162027524,119.271426482257
2001-10-09,10.3058608846618,-0.153838037606874,-1.2412132910442324,10317.6338061887
2001-10-10,6.64134670550241,3.63350037782493,-4.878088217379059,846.826349595579
2001-10-11,7.45583468045358,6.86707442202351,-6.043877264182356,374.431450212959
2001-10-12,3.59733707426994,0.638919393406468,-12.761995774150705,661.011171104971
2001-10-13,3.99170021034558,5.61480703882603,-10.70538307094597,20.5089679912241
2001-10-14,6.35634274003389,9.95414090055147,-9.931101430745741,138.572130754372
2001-10-15,7.88721020846933,8.75169106227804,-9.421543812433185,951.474875294983
2001-10-16,7.19848190349545,7.67889597930207,-11.17483024899559,590.326032977479
2001-10-17,5.91292490355933,8.99690934084538,-13.47770240652153,331.526794185015
2001-10-18,4.39268292039364,5.92975252613360,-16.022969361208084,208.120993919110
2001-10-19,3.09542589652239,7.83627958848774,-21.496381484900724,86.6829899217861
2001-10-20,2.79387246433816,13.4742422125901,-23.991823396690933,23.1783538845919
2001-10-21,4.39773169287203,13.1775158557923,-15.601385546185725,5.92846115878805
2001-10-22,3.21147850761493,8.27174732940989,-15.926678648759264,5.86557239272674
2001-10-23,2.15936136069861,6.86316757739633,-21.19632174841621,9.86903216946100
2001-10-24,2.16522695716136,-0.710626686765409,-20.17937576987481,-948.682016586708
2001-10-25,2.64407389084392,-14.2873343417086,-20.605895652339115,-93.3090236402669
2001-10-26,0.970786384952747,-2.51009466369078,-26.95424757963059,-51.2415596101385
2001-10-27,1.05680343572853,1.07201165835227,-25.88782053369397,29.5037234666932
2001-10-28,1.93618904453819,3.86202676921312,-24.677167880684408,50.5280010383579
2001-10-29,3.37974611808666,-4.06205590482023,-22.101551515809064,-653.156131388207
2001-10-30,6.95907680885679,2.00831757296510,-14.641085875214742,2536.30204301697
2001-10-31,3.66552598049326,-16.3933557377541,-15.871436741951356,-229.372202244717
2001-11-01,7.18136483561346,-24.3727379854427,-15.125292255889633,-865.960120459346
2001-11-02,7.12267229408891,1.69664444944010,-13.431161158581574,1791.85843635075
2001-11-03,2.66647180734744,-5.81818400275506,-17.070672213042428,-145.537598125962
2001-11-04,6.13067976862204,-8.39950372439671,-16.162328270598493,-1104.44025389767
2001-11-05,9.45960850663067,-2.87247832474714,-9.510449943670551,-3763.48723577031
2001-11-06,5.01382747756035,-1.91898124952650,-11.352213623005412,-480.442005040520
2001-11-07,3.18693372796378,0.989948381169597,-14.529885939903465,168.948365909554
2001-11-08,2.29937886904813,-3.74085802765649,-17.189227638627813,-81.6391975365379
2001-11-09,1.36015878543837,-9.09435598079290,-22.753372708681326,-28.7703721536017
2001-11-10,3.75502212186909,-0.756092327479564,-19.947043053516467,-2644.74822580323
2001-11-11,3.67604589173319,-10.3734388369594,-18.21154081759738,-227.734519070766
2001-11-12,4.29528040201385,-28.6000148935200,-19.4333865393003,-347.138482271080
2001-11-13,6.70152391906732,-7.04731326153342,-14.548341047349709,-830.108016045891
2001-11-14,7.70727131791860,-3.85316753610005,-11.931773294688526,-1388.45141699802
2001-11-15,1.89652710911200,-18.5320021125017,-19.28514217675186,-79.1704473652379
2001-11-16,3.53195852677998,-6.07340393309096,-16.88238397660774,-179.851289156606
2001-11-17,3.44269990767511,-7.08133287663986,-18.179072104235473,-202.915487789960
2001-11-18,1.60382314516077,-9.80961064584153,-24.08508463997009,-57.5829391173515
2001-11-19,0.871697472580154,-14.4047773702400,-29.494984583816915,-24.1296233074865
2001-11-20,1.00424484654240,-9.21513232207872,-29.87355384145897,-36.9366903771185
2001-11-21,0.651880464764995,-13.6593220847549,-33.38866418521232,-38.8198069643563
2001-11-22,0.763543540549535,-17.9599218368321,-35.29646303248697,-39.3200844925627
2001-11-23,0.574190958107052,-16.4966093362041,-38.21767294225674,-38.9312248401812
2001-11-24,0.805512217741846,-10.9660447899087,-36.71164870353056,-80.6045244056626
2001-11-25,1.12095588803042,-7.90837319807542,-30.88660708835235,-75.0626962821107
2001-11-26,0.978689814531094,-14.8505438780062,-30.11682146906182,-50.7995082428423
2001-11-27,2.59436868478918,-7.00447694792729,-24.414445966997505,-246.384727969816
2001-11-28,6.74989296541030,8.66036944519237,-13.437371217450561,131.188848752019
2001-11-29,2.97917891988784,1.13445653824465,-17.451856074140835,168.329173029684
2001-11-30,4.96656463442050,4.45020901739372,-16.32796736762566,265.187228184081
2001-12-01,1.30991141057888,-6.89915046386250,-22.695723235488117,-27.2832651499761
2001-12-02,0.580231434335855,-18.6048828236262,-32.808772192471054,-33.0055240681072
2001-12-03,0.932530538148880,-10.6427743767758,-33.45045746213228,-56.9084376983736
2001-12-04,1.59534289759794,-2.85540323038140,-29.67841832178641,-223.595879629208
2001-12-05,0.403287612908253,-10.2536158824494,-29.307218577686513,-6.73323037188764
2001-12-06,1.20728615702872,-5.68199860218920,-30.200656688886653,-69.0122312007993
2001-12-07,1.30243316065398,-10.7491307509108,-28.75273372550842,-75.0399574510266
2001-12-08,1.12466140674764,-11.4669021525815,-32.937171318122324,-76.9452040216712
2001-12-09,2.94827994337289,-6.65013318460660,-27.933031891736448,-713.894327909668
2001-12-10,6.14993954298433,1.06767218566529,-21.613414389976953,10395.0693727981
2001-12-11,4.70801608526417,-2.85423159886705,-19.092048449535866,-1192.65014787896
2001-12-12,6.68075512535713,-1.91573692164638,-18.94765594323451,-7127.77548233889
2001-12-13,6.43327499556066,-0.102733415973489,-21.903740393639907,59994.2198041933
2001-12-14,7.18939752207151,-4.21641303538672,-19.543418028176205,-4089.83639997656
2001-12-15,5.08548845742289,-6.38512776262542,-20.595233273039582,-744.679166230541
2001-12-16,5.40416384402177,-8.90816239092601,-22.4414487906991,-978.227344018687
2001-12-17,7.47741385807680,-8.28014169012567,-20.30195861581285,-2918.22407821875
2001-12-18,4.80586122650572,-12.0802417273271,-22.023119724800523,-533.636093940199
2001-12-19,7.26660377648592,-5.84344768781648,-17.11697367552773,-1125.75991405773
2001-12-20,4.76749333624448,-16.3327172890413,-20.172301431589517,-232.698226418119
2001-12-21,6.21482936605472,-11.6345250200384,-19.01494408448619,-566.646930098583
2001-12-22,4.54875102589247,-17.3552511625621,-22.15815361190178,-359.132300171519
2001-12-23,2.25889993771471,-11.8877023013329,-26.496379827674076,-108.550713841839
2001-12-24,1.54008474271313,-8.59930315419524,-29.428939160850575,-75.8844631049654
2001-12-25,0.895334197054094,-3.32662700220135,-36.26070829081053,-126.023825672566
2001-12-26,0.833618294448917,-2.21960799204453,-37.507635111262346,-178.167748105227
2001-12-27,0.777058769678682,-1.28705119485494,-37.471189294137275,-182.533142057579
2001-12-28,0.170390718009807,-10.4918374109295,-38.14263953591853,-3.19666162325679
2001-12-29,0.507371113560465,-8.06524783770601,-40.479376062029075,-25.2694553367519
2001-12-30,0.644885800561259,0.948895916305446,-43.323528801279025,912.046423949351
2001-12-31,0.754468358628808,-0.304533571291358,-42.10631439142736,-5294.75597484080
2002-01-01,1.61191204820348,-9.10291203794077,-35.92476548670362,-389.645231606419
2002-01-02,1.75400979855474,-2.77603685191207,-31.624753422207903,-212.094756190250
2002-01-03,1.73824824188501,-2.18538988699720,-31.13366534922534,-239.264772035954
2002-01-04,0.869529974693044,-8.20466538498249,-35.7502779257739,-44.3517277760903
2002-01-05,1.00353465878113,-3.33545872207469,-35.77504916601916,-94.3098955243020
2002-01-06,1.41662369784038,-0.598933728377233,-35.599353481303154,-1982.07265967415
2002-01-07,1.65046959676479,-6.01689559501301,-34.98207249248284,-377.144400302963
2002-01-08,1.22726328929060,-9.54439367297891,-36.655505895474306,-156.350271459228
2002-01-09,0.763146575369286,-9.68554535386374,-37.50123922177153,-32.2733009157808
2002-01-10,0.244495069235410,-18.1969202434366,-34.89545868648921,-3.71503164268725
2002-01-11,2.64660184761083,-3.44807231310097,-30.54218504090693,-767.196238864989
2002-01-12,3.28316042993383,2.10293236664802,-30.065866257808494,2797.55661277383
2002-01-13,3.12598953087624,0.277914754195081,-32.33405148234641,38916.1336732583
2002-01-14,1.76265867824004,-11.6455166432825,-34.90220396452273,-368.785528885757
2002-01-15,1.62103175283261,-17.0547234190044,-34.54862883323466,-169.106923590895
2002-01-16,1.74649067555987,-12.7665501587353,-32.02836592432902,-106.649872079592
2002-01-17,1.29993737732908,-5.91237774580713,-35.129645196048386,-131.263081350507
2002-01-18,0.965366837965691,-8.71390402872385,-38.18764806914271,-107.077951930198
2002-01-19,0.813601462163594,-7.40750759911589,-40.43786208634094,-84.3988387974168
2002-01-20,1.76396463518815,-11.6333531443124,-35.31936572800092,-323.642817065449
2002-01-21,2.75955013946160,-16.5561212330858,-29.062159039959,-184.925873741733
2002-01-22,1.53986645190198,-5.76438649892589,-28.53056225454307,-44.0097951423632
2002-01-23,1.51803497182025,-8.24382228425839,-33.41350878956058,-151.575397754280
2002-01-24,0.744035368078336,-11.5028198063433,-39.27513093134806,-51.3123871411281
2002-01-25,0.773328140500113,-6.86302833177524,-38.15296689440336,-102.701259268600
2002-01-26,0.499377647937197,-14.5276090933712,-33.67174232474517,-17.3875860546222
2002-01-27,1.76360937784212,-14.7836928267297,-32.27716100174794,-178.788885024401
2002-01-28,1.09743155669212,-11.8530382256499,-34.978218519528326,-67.0847896782021
2002-01-29,0.319711940016764,-18.1081246257713,-41.121339834996064,-12.5768771093800
2002-01-30,0.686894101510750,-16.5178401999265,-41.2931740734241,-90.2702037157576
2002-01-31,0.842664284637826,-15.9069866410964,-39.65519332012735,-102.911268382352
2002-02-01,0.945740333543229,-14.5315916080035,-40.369374484297396,-124.949655003229
2002-02-02,1.95689057858841,-17.3259049519620,-34.7418712082339,-274.480931786432
2002-02-03,0.988881457291926,-12.8124473422208,-35.22720805210892,-42.9624933423786
2002-02-04,0.279692900329918,-14.4340695188332,-36.697149874029236,-5.62913399341544
2002-02-05,1.09059677044166,-8.67540668632955,-34.90797755196584,-75.9166586251903
2002-02-06,2.52033924294912,-9.65395084894499,-28.87267558074072,-155.314160667190
2002-02-07,0.469159530203867,-13.6283000071103,-33.388613714360815,-18.3022469224894
2002-02-08,0.202761811733204,-17.1201749349534,-35.60951840956969,-8.39637709316166
2002-02-09,0.448875171424927,-14.0630914403609,-42.53565505391373,-48.4673819954193
2002-02-10,0.417450160612600,-8.67200646567744,-47.50345419773939,-91.4435983792619
2002-02-11,0.804833076877798,-5.88074794846762,-42.67602409419783,-175.253599820324
2002-02-12,1.35164907829958,8.29665387812020,-36.26860745975674,84.9914189662929
2002-02-13,0.758470472349194,-13.1577029130176,-43.213639764199456,-138.814363908518
2002-02-14,1.04240320937707,-12.8592630039884,-40.27748716474349,-208.866716819819
2002-02-15,0.681514266103293,-9.93581920546922,-41.857365246815675,-81.4306526647122
2002-02-16,2.30871739305775,5.17757845313372,-31.329429209531497,180.952440669050
2002-02-17,5.25377557447057,-0.761049711655687,-22.67304764657854,-5847.66889358762
2002-02-18,1.96944653732703,-3.62152650843836,-29.464454936298353,-161.123030039109
2002-02-19,2.40520880634523,-3.44886719025999,-31.21886325720638,-593.553781571881
2002-02-20,2.07764796481083,-1.17072996886054,-31.772141169879603,-998.418311276200
2002-02-21,1.57407733210449,1.54207957341669,-31.36589422356269,142.586772550911
2002-02-22,0.535816508723441,-3.53493313043418,-35.30993524959541,-16.7026638595002
2002-02-23,1.14031239878701,1.46413369754464,-37.139474670705084,561.171154730362
2002-02-24,1.76597369239623,-1.00618223569563,-33.81669384558117,-2070.15648755574
2002-02-25,2.99830894946480,1.24533763770887,-29.045042411395315,1894.66061846678
2002-02-26,1.07781771089240,0.206091398592434,-28.83814980371119,141.317838169551
2002-02-27,1.10406515561774,4.32559419065547,-35.21332009679841,57.3921994117059
2002-02-28,2.86854845722536,15.9933601929934,-32.92815085714602,286.204262316518
2002-03-01,4.32082450656543,6.80187978762842,-26.333183016620012,375.831356666538
2002-03-02,2.32363805242053,8.93714292174764,-30.74093767965317,75.0477688256488
2002-03-03,2.11570196668234,17.1145391914047,-33.317120382728945,52.2760287348976
2002-03-04,4.20694169965311,24.6386837295722,-26.621600661596574,41.5658807687980
2002-03-05,4.63623006190188,17.8911065564043,-21.640056389640336,13.3582845611187
2002-03-06,3.47818669968464,17.6962568948943,-26.230849003144016,37.8450823879177
2002-03-07,3.38406654347319,7.92525059560876,-25.93777501913982,110.822457340174
2002-03-08,2.90376743002605,20.0082166965794,-27.727888003432582,17.4657825952388
2002-03-09,2.94493035588421,19.1116095977818,-26.735674543229408,24.4897676898081
2002-03-10,2.59844270062698,26.5589067286705,-29.17176969396172,9.44615928098731
2002-03-11,2.89196807034724,21.8151861844221,-28.35413627913192,30.9614297397959
2002-03-12,4.89626118658127,22.9263845922569,-22.616146414148545,24.0343005211465
2002-03-13,2.25688762318981,13.1706226477490,-22.82107041945659,1.04624418972324
2002-03-14,1.91560041345585,16.5691000798275,-24.398523716581536,1.25399219164556
2002-03-15,2.57740761541487,26.2192263616919,-25.02228576312862,1.56187652939110
2002-03-16,4.39488285354654,25.9206510683734,-20.660741260669425,6.00940552056085
2002-03-17,7.22423548220462,28.9823872468528,-17.07196408427785,13.4533640066636
2002-03-18,6.26528912201938,18.6047988931714,-18.494133947220917,49.3068947894442
2002-03-19,9.12317820794778,29.8595906180371,-16.518059476990857,41.0979418571272
2002-03-20,8.72033777982755,27.3363777699478,-13.529080798132213,5.81750181786738
2002-03-21,5.37347134642431,23.5972278860274,-17.17423005591243,3.37979541924663
2002-03-22,6.11209217559368,35.2295882243025,-19.440522218135897,9.66400228467060
2002-03-23,6.33960793045850,37.4194278363984,-19.815904345286924,11.1604692713203
2002-03-24,7.89416364570066,37.0655308291994,-16.800283919213598,9.11239440757034
2002-03-25,6.83945701576807,33.0748132510143,-18.275241810904078,14.4058930034214
2002-03-26,5.75598721297025,23.9799028009726,-13.435803277870662,0.475271752871879
2002-03-27,2.72880805218414,14.9923254182749,-14.618913199550036,0.243563271464069
2002-03-28,2.20107165560786,12.4283264385943,-13.507244076670133,0.136264106767361
2002-03-29,2.81040242914226,11.9987959013755,-9.263085187592083,0.152525568240873
2002-03-30,4.01801269302210,17.2903873127688,-10.85744425729365,0.563709068161886
2002-03-31,6.43183187794258,39.2068505055763,-16.239315771248243,2.50502978634302
2002-04-01,7.16891450875209,50.4529920202640,-18.42852101725441,2.97295580377391
2002-04-02,6.18065556403019,36.5937504245912,-15.716452131883273,0.699489718229576
2002-04-03,4.88427931815113,21.9998322561428,-9.528391572857458,0.155089358505335
2002-04-04,3.96326853849036,17.5245789627434,-7.368082442418483,0.132919646886430
2002-04-05,5.86632330606438,22.9180147444344,-5.863471938619682,0.286596410188467
2002-04-06,7.00952373312063,28.8714795793211,-8.095008299081599,0.540273792810991
2002-04-07,12.0623772073338,39.4563781893172,-7.180486499336496,2.00951522490308
2002-04-08,16.6570767179020,45.2321935410225,-6.920659429043951,6.71837622175919
2002-04-09,22.9826232986376,52.0704134706220,-5.765792499954443,24.8456447159555
2002-04-10,17.1800163806330,54.6833636580159,-10.354099868183368,41.6404047297916
2002-04-11,13.0896968873134,68.2741660361298,-13.664996197643404,3.17211577111507
2002-04-12,10.1196430643905,59.0493815152747,-14.704962789266233,2.27042852269421
2002-04-13,10.2012933463860,54.8997644732460,-12.151953684749742,0.850696412356824
2002-04-14,8.81314035922436,40.2316890233503,-7.551761320517869,0.229375996385345
2002-04-15,11.5376398642376,46.2675789869313,-5.962751084320132,0.905318342739104
2002-04-16,11.5577926913624,63.4614187350817,-13.576469583446737,5.20329110436181
2002-04-17,12.6026180193280,89.5451033361710,-16.140016246123082,5.37830976693162
2002-04-18,15.3222723299942,81.7416755775230,-13.271374547115556,6.85117454444113
2002-04-19,16.1822975516699,81.5617692460114,-12.95474376448692,10.0625210595096
2002-04-20,12.7698181673379,74.6495001579779,-14.458280122017186,3.06816692878828
2002-04-21,12.4471474424206,88.7824530667212,-15.806074710536393,3.67590970965226
2002-04-22,25.0592784963909,86.9508603906334,-7.749627896342702,33.7745852638915
2002-04-23,35.3464649901895,78.2028727012830,-2.416479939304395,71.1490993092753
2002-04-24,28.6023759592833,66.7694438997050,-3.491653417643363,15.6395989825041
2002-04-25,29.6443053161045,79.0288103621469,-4.403549204520459,13.6540691467039
2002-04-26,17.9568290266643,64.9397615882963,-10.188804272350978,63.7471025873549
2002-04-27,17.5486908077820,102.672563195503,-14.173829661740172,13.2446966362419
2002-04-28,15.0526834052224,59.6731032458820,-12.37455863063201,119.513431931324
2002-04-29,22.7517648018573,110.734102828888,-12.05498716507634,91.5474933298486
2002-04-30,22.6357047447724,107.591025966957,-11.79796205673955,47.1634869481823
2002-05-01,27.3443694178330,101.894120085905,-8.46658669426057,40.2324609644896
2002-05-02,27.4960400377625,77.5249272079800,-5.11951218696089,26.2922376279965
2002-05-03,24.9773626596104,93.4448509490790,-7.859649426512533,5.68549156247268
2002-05-04,26.5541802160354,103.985447224427,-8.60918488964461,18.5376135117829
2002-05-05,32.2444307367296,56.9802993680532,0.4026387725514269,90.8186122676470
2002-05-06,24.1392494590325,57.1228192939961,-3.209595287424463,130.078646691636
2002-05-07,23.4518009205706,105.818288958266,-10.8248559744423,102.385239649161
2002-05-08,29.1993992617387,116.337019902856,-7.861352302395005,135.132793773648
2002-05-09,33.2765936788686,99.3337343419689,-4.91336264055974,69.3275409558717
2002-05-10,38.5430031372521,92.6935829545710,-1.2386710282950162,5.74931752089978
2002-05-11,31.8487713103578,105.170974190453,-5.537831603388327,11.7255410296743
2002-05-12,34.6258951825760,90.1273875907227,-2.149152698176806,6.89892147212243
2002-05-13,31.0362105450491,97.8864648232948,-5.813708589802729,29.2847210298248
2002-05-14,31.2549870475099,86.2762886130868,-3.4209687068240555,4.46051122284385
2002-05-15,35.7718961450181,93.7031290304494,-1.2363596477399028,2.44197988371841
2002-05-16,32.8332908588812,88.1049387955213,-2.8969049449943896,19.4197217074643
2002-05-17,36.5714324355482,72.5135328741417,1.573950038082728,2.39423996783639
2002-05-18,46.8701198657157,90.8167489398688,2.9068452274850642,8.45782788216820
2002-05-19,33.7451909629882,68.8378446641764,0.2268132006828978,23.5154477660351
2002-05-20,40.8543569544772,100.491485324049,-1.2588376824471084,44.8181893541712
2002-05-21,42.6127232919489,89.4703015167115,1.096519318398066,12.8566619120559
2002-05-22,49.2171053385501,83.9540628321229,4.728032040540711,2.90056884968617
2002-05-23,44.1108127608608,55.6360876013717,9.934559265694475,0.545494933226544
2002-05-24,37.5726742867989,44.6914017851370,11.154072005046373,0.887795788000416
2002-05-25,42.8360855276166,66.9801271506451,5.479059225056403,6.75045948625120
2002-05-26,35.5597528907516,65.8462375898171,2.8443689347545273,21.6657127664263
2002-05-27,36.5843189446503,60.0373659610150,4.574565065102831,10.2535126732032
2002-05-28,57.7979011388275,69.6802703115870,10.714074861277311,1.32320308105476
2002-05-29,52.1837365597509,46.5767137679316,18.131786485482053,0.282979921828116
2002-05-30,40.1401609592972,29.1272515292517,22.887679378363032,0.161215504413379
2002-05-31,48.0108709092256,33.6205776744752,22.66485484755765,0.425501138891357
2002-06-01,60.7527401672291,44.4290731662473,20.31670699941401,0.687066866458569
2002-06-02,63.1851334276373,41.2451249016846,21.186377524073748,0.600061510738100
2002-06-03,68.2553733908777,56.5335794657958,17.08444989503124,1.79939928952731
2002-06-04,60.7928366968033,77.1186152075661,8.776247167920701,8.20990503646913
2002-06-05,62.6816857155448,80.7080667105492,6.927860106024298,9.34684124954783
2002-06-06,63.6822568995924,71.1392984480185,8.959886746909035,3.66036930005059
2002-06-07,58.8730766537867,61.1433664953322,10.704645981246642,2.32813427142051
2002-06-08,72.1851397429196,73.2219508638682,11.731173488952209,3.63337221806155
2002-06-09,78.5094881342094,73.1078470694001,12.722051162663831,5.10018826382278
2002-06-10,71.4593559793499,50.7638269391621,15.744930943553584,3.50749373615823
2002-06-11,60.4084291529011,57.3278445873057,10.384075536062028,10.0552145145661
2002-06-12,85.9433095919491,74.7615871806074,13.329009814079654,3.80159894941003
2002-06-13,80.2398617865217,73.2416913142083,12.800024384822848,7.44400009472162
2002-06-14,79.2500031160787,52.4197263148494,14.205457463974028,18.1600805838863
2002-06-15,71.4041074499073,37.4869538916068,15.810424348613424,17.0087406941357
2002-06-16,40.4179280515092,45.5519939529704,6.910921930016968,40.7645118193100
2002-06-17,80.8279242669275,71.1259117199243,11.364507766166923,6.46798306780309
2002-06-18,90.2732225155957,63.8598194057927,15.329508046208105,5.01790238759642
2002-06-19,98.0681577606366,58.7287389994672,17.096226079011046,5.95141524956789
2002-06-20,130.175626702471,38.1988022221217,21.3346137271551,28.7049211223110
2002-06-21,73.4061657903740,59.8164349259669,12.791259103269283,18.4432267010003
2002-06-22,97.8605447537367,55.0846577022244,19.3582793146943,5.92887595736376
2002-06-23,123.880396319907,41.5156819792664,24.514551423452474,6.08379875580950
2002-06-24,118.286825621475,37.3122165046893,23.625265687359615,10.2631722339734
2002-06-25,47.4343637093293,54.2908466758990,8.468052249389586,38.8113598892326
2002-06-26,76.5121036194912,81.8936771561184,9.718618578932308,7.35374226381182
2002-06-27,97.2767410195348,60.6858383377271,16.289862384262676,4.63300109700157
2002-06-28,129.015125669067,40.9025174375447,21.931145903253423,11.5057941588219
2002-06-29,88.7499625439806,51.6634625076213,17.13585890266046,14.6413633330606
2002-06-30,55.8314305789835,50.6686438443594,11.593198450910677,4.32691398709050
2002-07-01,42.4287292139383,46.9271753222824,7.93516233384031,11.4091860680108
2002-07-02,69.5167012230779,79.5758622695635,8.32651890159957,14.1634682461283
2002-07-03,80.6788404508197,66.3004698650734,12.979051456481159,4.00611202653373
2002-07-04,79.4644230643342,53.6406034998245,14.103502659764501,11.1271057661753
2002-07-05,86.5724154796440,46.6792616075654,14.76670598003443,37.9321209164165
2002-07-06,89.5011405500225,64.5295610769217,14.855054211794936,9.25826576949957
2002-07-07,84.1515216253604,53.4094856757288,16.314319593655455,9.54642871011023
2002-07-08,73.8002845679904,54.6122978953558,15.511915670538485,4.98619182514158
2002-07-09,82.6285985622467,61.3642208419792,15.727470832549386,4.02466432995305
2002-07-10,94.9260398871534,64.9641361312929,16.043833595424644,13.9958541852717
2002-07-11,90.9335728868824,37.0125844829140,22.057875079944722,4.31692219838152
2002-07-12,78.4573365403559,51.8733097423005,18.650413213132254,4.38833925426583
2002-07-13,84.7585903414800,52.7473620335231,20.410559581918335,1.47739932817602
2002-07-14,55.9918455297503,39.2060489286957,15.784277191217143,3.71158970937368
2002-07-15,64.5295301718281,62.9895450426284,9.276882028540285,13.9490082083949
2002-07-16,60.9790564136062,62.6485875828457,7.131893915714045,27.0590811496105
2002-07-17,62.3146333576789,59.2596465370043,7.6110807313456235,27.9470541398908
2002-07-18,68.2070836510524,63.2445446280153,9.361304216089366,22.7210890471017
2002-07-19,72.3015971086914,62.5018462157159,11.583193191680039,5.78784701257651
2002-07-20,72.3374000901092,35.2590872581864,13.512553921363065,18.7917587712253
2002-07-21,94.3341121718966,34.8139924681818,18.2694183032379,20.9382853120689
2002-07-22,107.911315622412,7.53235419097473,20.921378018979283,123.556712384609
2002-07-23,75.9344906781588,31.8719338263427,17.325526089442917,41.5071900457426
2002-07-24,89.0763406016634,36.2365973867259,16.370394659825536,15.4664280490050
2002-07-25,83.4891689698682,45.5838947342932,17.02731891772595,17.4859472654574
2002-07-26,29.1910162245682,29.2817221609812,10.413820406281786,29.2771561920070
2002-07-27,21.4354706963875,23.1016201919210,4.786459531716389,144.036512049894
2002-07-28,70.1038381550383,31.7219111920481,12.230057812799885,27.2850450679987
2002-07-29,62.0687237594302,30.0964660375666,12.890694470972448,30.0927919760126
2002-07-30,66.7425738813734,53.2948101363909,12.878713529701656,12.3263639667391
2002-07-31,44.5610884014901,30.4285357766958,14.268654854178749,21.2153850826991
2002-08-01,48.4334504934911,41.9434387912615,11.943170925635172,9.49762614719293
2002-08-02,48.0012652386361,42.4488506219582,12.293924333982773,8.17959135017059
2002-08-03,54.3776962111676,36.8220422237814,14.026186964181477,20.7309482320871
2002-08-04,65.0523767207406,29.7384684576514,20.02909792115463,6.64884570198748
2002-08-05,50.7446979928164,27.2524340167377,19.393441751752448,4.05108646610658
2002-08-06,57.9509192312121,22.1083064055247,18.774699243117766,8.23026961042624
2002-08-07,76.2254419460715,30.3434146081822,17.968675284061646,11.4437863389296
2002-08-08,96.3187108818257,24.4536195181590,17.232690719516768,44.3078907013242
2002-08-09,84.4763804215796,23.5921118960032,18.235773720976738,76.7007034632687
2002-08-10,64.0346666900931,24.5922548106437,13.644677275049673,49.5757068826301
2002-08-11,79.6966770554046,13.0735156495211,13.424379945275007,94.5027323495610
2002-08-12,70.8414819738596,-2.16412241082799,15.03409834253614,1380.17786765721
2002-08-13,115.925992953784,0.820910875144364,19.104330695089516,593.926122340370
2002-08-14,60.7389479347378,18.7045837841270,13.562151558158178,89.9275531304393
2002-08-15,46.0513572572412,32.2037030206275,10.901482413625104,14.2660287971695
2002-08-16,51.3140577047868,36.6428152747694,12.870050355833428,5.94032102105748
2002-08-17,46.5138494393560,40.7450411341856,9.747170749316865,22.2674308173296
2002-08-18,50.7184595597635,38.6708668684942,10.405059182593845,27.7583645713134
2002-08-19,53.3062212738453,43.9316311182929,11.864438538668765,14.5725728703354
2002-08-20,45.0730524700608,37.1392632595112,12.068960352365309,10.9846503634332
2002-08-21,45.6278027040076,31.3242818772771,14.644907968602013,3.29480199435504
2002-08-22,31.3084959652245,20.0669642655716,11.679735649041561,9.76391857964348
2002-08-23,27.9208897763162,26.9160305395662,5.847788570227692,73.8573247324705
2002-08-24,38.2157136684201,40.8254122589674,4.850080352541511,22.1865868860516
2002-08-25,36.1189206979644,32.9492839655109,6.9279566265865355,7.07509062396603
2002-08-26,43.3984327839876,28.6415843592470,11.433650218588582,4.77514857151930
2002-08-27,39.8043220878220,21.8111976486443,13.066721786073913,8.16126139995740
2002-08-28,16.2420636802954,7.45401259622486,5.911734959197702,215.637082900696
2002-08-29,34.6150570123422,23.4801852656819,6.733515516352213,50.6224014404786
2002-08-30,37.3203780827288,22.5882391292544,8.5101262800668,15.5325823005604
2002-08-31,23.5805023505135,22.5202603464504,6.071254252179017,23.0534224531676
2002-09-01,28.5461006757722,25.8698798515697,5.796008611643913,18.4759521069693
2002-09-02,50.3479395110817,15.9668194987935,8.682312253681118,151.737114233760
2002-09-03,23.1844096840999,9.41914845430347,5.971550748442326,317.966285101115
2002-09-04,32.6214827820242,29.3586127698136,2.8862770843712724,50.8491719018100
2002-09-05,34.4508187189526,31.8465867084478,3.8481739083937896,43.8388045105705
2002-09-06,27.8370227101183,27.6572338161372,3.663784909727326,15.1895132637214
2002-09-07,29.5651590453755,24.0165620486464,4.68307671576423,28.3683454511541
2002-09-08,18.3818050112303,11.7264912536239,5.722878666012832,315.868232515202
2002-09-09,32.5114165239865,20.3360410678924,4.619893294684346,80.8363750148469
2002-09-10,33.4889434972859,18.2766173257523,6.992445003509204,41.7292828542776
2002-09-11,18.1246888531859,13.8023500767886,3.9260492735174353,40.7868689497711
2002-09-12,28.5965061138776,16.5921671102265,3.034871332203579,48.5053495018582
2002-09-13,15.9663147383969,8.17057437204721,1.0497455845613217,74.8432581054254
2002-09-14,27.7695601943520,23.1957738309238,2.194036703094582,37.4486110264826
2002-09-15,15.3135849609538,15.4257188815018,-0.16847128578825732,148.371177478799
2002-09-16,20.3529735841433,5.19701921257001,-1.5290941968004859,1015.31136759998
2002-09-17,29.0175688882006,15.5102749772495,0.4554908031456648,287.573274822633
2002-09-18,22.5211781426767,10.9911690838453,0.3768899902457292,372.200860774380
2002-09-19,24.3246316133378,17.6556184986275,1.4592187065628082,426.579377631828
2002-09-20,18.6173835582760,23.3736976854489,0.7643862416097136,69.8271444620567
2002-09-21,15.7765721047003,17.1030354755594,1.6729508563790887,219.941641190602
2002-09-22,15.9235110787996,14.9523004465991,-3.9750246488676453,178.842627797091
2002-09-23,9.77094553802291,7.04434799842511,-6.694609518313769,90.4243534255457
2002-09-24,11.2223046641740,14.0024076713630,-6.760185429989406,25.6176138799513
2002-09-25,13.2765088927180,13.1737991795690,-6.391835581588907,77.9890504377098
2002-09-26,13.1963002294531,17.1273970425314,-1.510543992987607,24.0296134625417
2002-09-27,9.52729007250334,12.0272863933292,-5.555949883256915,56.2961570155469
2002-09-28,9.01766928619180,14.0768624781699,-5.2301599363918285,31.5133019880745
2002-09-29,10.3065272590411,15.4126718332022,-2.2878209363155975,13.2811101882506
2002-09-30,9.82356659406765,15.0684015314591,-1.2059717935036929,28.8450503344713
2002-10-01,7.54686239030071,12.5117243556747,-3.097897998703047,7.22763636012832
2002-10-02,5.32792315465722,10.8191056805485,-7.8819782459079875,16.1173377741931
2002-10-03,5.05671794235649,4.83685266668726,-8.708677763681635,180.232417770695
2002-10-04,5.15752296322999,6.48373066312433,-8.041779425536674,125.538374566300
2002-10-05,7.73472217599303,11.6021489857694,-6.44422979465827,113.346742259586
2002-10-06,10.0101858014303,13.1627812195275,-2.6434790160748776,88.4390464569451
2002-10-07,8.06027420497768,9.87880764834654,-2.119728172568216,42.8268459435522
2002-10-08,8.39441324978485,5.63358132671965,-2.797778701762809,73.2062338336327
2002-10-09,10.2982023725649,13.1467482127782,0.3756886400408348,15.8413973126838
2002-10-10,7.82714972702923,11.9422996258218,-1.7092277736967958,18.5563091990981
2002-10-11,6.77312425485047,8.79841513915972,-4.098929692504214,25.4489692926892
2002-10-12,8.89083323011935,10.8245934625334,-7.104507148922096,90.5890597367409
2002-10-13,9.22390860766517,6.77420863657153,-8.466473994853573,334.217605945626
2002-10-14,6.47706207031337,3.97531212208105,-7.671279351095791,93.0521026797689
2002-10-15,5.55094180714854,3.91633471288606,-9.786488948216174,165.053555423627
2002-10-16,5.95663403501447,2.71332804705344,-9.892408292005143,229.375453305953
2002-10-17,4.29198569172113,4.10378217064499,-11.567732002148944,46.0008689456019
2002-10-18,3.50585568817088,0.895471691249440,-11.429910982342847,334.837049079024
2002-10-19,2.71523094388225,3.97600911079599,-12.789034105872929,16.9896436017158
2002-10-20,3.42001686166586,3.21472962991356,-14.985044195398245,62.4504920002557
2002-10-21,5.97977702747470,-0.401638781951078,-14.66226147495729,-77775.9237447137
2002-10-22,7.72997321077558,-8.89219895081078,-12.934162536075007,-556.823038862028
2002-10-23,10.1107258586298,-6.65969985976881,-8.904843288710254,-1448.92987751396
2002-10-24,13.2096685404604,-8.38247946087722,-7.758587296159135,-2143.67542892137
2002-10-25,15.6882715243180,-6.62181266302650,-6.271339592434856,-3553.36605135215
2002-10-26,7.96325868404828,-5.41729381000368,-6.738617675390685,-802.373419811562
2002-10-27,4.46958245232679,-1.47210602611995,-12.546553368732646,-448.029369371933
2002-10-28,3.19206523446760,-8.17742550921412,-18.20334996378429,-90.9239621110601
2002-10-29,2.39498813012630,-9.67135658379084,-17.06904904448055,-55.6291823837813
2002-10-30,1.75118058350191,-5.72604897005931,-17.70280107293658,-26.0889662343409
2002-10-31,2.98612496787581,3.66564584682033,-14.858359244994176,7.90693784175423
2002-11-01,1.42095103337818,-4.64231600027460,-16.801153201138845,-38.0630535414587
2002-11-02,2.26869280064442,-10.3844308638418,-19.90713678455549,-95.4718640641027
2002-11-03,1.38641230481064,-7.50882219768982,-25.30336932926153,-39.9789113176111
2002-11-04,1.87231563977197,-6.46158765632526,-22.80037152025932,-44.9048737569663
2002-11-05,2.87798360826412,-3.87243639204462,-18.308464165495337,-115.640488422147
2002-11-06,0.916294587612567,-7.31789197498165,-25.347910907396482,-17.1739995627711
2002-11-07,1.54525939697714,-8.47373742258515,-22.99662817762723,-32.0456740200128
2002-11-08,2.41481848596468,-16.3271040165955,-21.42183799593309,-125.272286768471
2002-11-09,2.75222738423950,-2.94161120946274,-20.34265872890586,-273.276800280140
2002-11-10,1.18309846585382,-7.66079767935798,-23.01184879279961,-27.0017745081656
2002-11-11,2.69994679388444,-0.367237258478781,-20.136563197069023,-1492.04988889384
2002-11-12,1.29773699096702,-10.4640455117456,-22.049176116178387,-15.0531082069170
2002-11-13,2.51632725448600,-7.67785350426038,-19.874687709490757,-72.2574911224411
2002-11-14,3.46736277150726,-2.75989852729617,-16.98182556648004,-223.004954749453
2002-11-15,3.78988058222527,-4.34830431716637,-16.79516568089997,-244.486854078579
2002-11-16,3.92041378224876,-7.03009768079119,-18.264081089889714,-252.688374081499
2002-11-17,1.38294931612887,-12.6092439662712,-20.44846132043986,-28.5508944195651
2002-11-18,2.44075821471168,-22.5502932950967,-23.087133377300262,-137.140964041213
2002-11-19,3.91837381019517,-11.2888770848022,-21.303149728434363,-319.244922235495
2002-11-20,3.71979773691531,-14.3400738571909,-21.099569254865344,-254.382450653553
2002-11-21,5.02546102099784,-5.94313498509473,-19.646887422367115,-550.567958553077
2002-11-22,5.08175975269631,-10.0133773601456,-18.85262094524353,-312.218550193473
2002-11-23,1.68717280929295,-36.4278845679937,-23.894586585238955,-79.9973816653438
2002-11-24,0.665394472858608,-26.1598598153819,-26.492971331731894,-24.8694722041224
2002-11-25,0.583870795694555,-16.6660929047212,-28.458227513101292,-14.4482352385093
2002-11-26,0.608324019682870,-15.8566439402002,-29.533359018087708,-13.2309324615583
2002-11-27,1.15603257523892,-15.7772898090839,-28.235824128349634,-30.5114576734820
2002-11-28,2.27876633254748,-10.0776673257715,-24.81640268207758,-78.8512862749777
2002-11-29,0.903802481692918,-20.5908743333612,-31.363712485088,-27.9104713382096
2002-11-30,0.674227502530938,-10.1246809107986,-29.49654187883391,-6.03866312671723
2002-12-01,1.64562147526365,-2.73702918743493,-28.37090369082196,-62.1456780960250
2002-12-02,1.60617652779617,-5.05770641866684,-27.098394548411875,-85.8155118546180
2002-12-03,1.23027406537223,-11.2373700629223,-33.09952797250554,-48.6417383070932
2002-12-04,0.924321523446748,-11.3371238479417,-31.69550335595696,-23.3601369391014
2002-12-05,3.49869339788975,4.93773343076646,-22.57836025065191,117.413202616473
2002-12-06,2.52381284700436,8.44823276671377,-28.331222395917337,78.8643103889797
2002-12-07,1.41991847717655,-8.87926342478204,-29.47258942075399,-126.886496202005
2002-12-08,4.11669858247772,-4.15271977531484,-25.30911083376776,-2299.95274476302
2002-12-09,7.12514496596619,4.04506302774462,-20.301802153593314,3077.39917103776
2002-12-10,5.52091062079997,-15.2714983119504,-23.352763217024773,-361.832185368471
2002-12-11,5.78182876254277,-15.7772594739417,-23.913880857989597,-489.008465117514
2002-12-12,2.37946223395128,-25.1411025948591,-28.275198940186527,-141.699905905981
2002-12-13,2.04944883991099,-15.8657533053620,-28.477031809292498,-101.759312901880
2002-12-14,1.54643883000350,-27.0325560217143,-32.93032621844483,-122.979229253029
2002-12-15,1.95215056321192,-24.0596097787566,-31.281584769213936,-162.108425274101
2002-12-16,1.18597899233723,-19.1387787308540,-32.8613649809306,-50.6161768568244
2002-12-17,0.940256665965910,-12.0799990643641,-36.6524094170947,-42.6259469748606
2002-12-18,0.861117746806075,-11.0955182209891,-37.43042281361676,-53.5083212715786
2002-12-19,0.736921873816335,-6.57536161999860,-38.81524767289244,-68.8345276349688
2002-12-20,0.836097429638825,-2.48771323981100,-39.21706542082998,-256.098304903116
2002-12-21,1.00782504853928,-0.408220793650344,-37.81025266007529,-1962.05778415924
2002-12-22,1.25608537767505,-0.297926023722539,-36.02645056225455,-4498.04400289020
2002-12-23,2.36114560467474,-0.966375524690193,-29.11247005222549,-1776.21115759104
2002-12-24,2.13820172789516,-6.38627891611213,-27.026944217940752,-118.217760337562
2002-12-25,1.40241273761132,-7.17076287734199,-30.812204160681944,-75.3736174158579
2002-12-26,0.736622720847684,-4.17195989247784,-34.4565157803265,-26.2766197007993
2002-12-27,1.49439233137691,-5.50314879833786,-31.756945845814386,-136.495325411104
2002-12-28,2.81500150756595,2.18495879922466,-27.841070326013778,526.300951578876
2002-12-29,1.58497720894713,-0.0114379988440305,-31.663297721746204,5780.49149194849
2002-12-30,0.883395922058525,-4.58595753975715,-35.25154539461454,-60.2530845361162
2002-12-31,1.44003835014723,2.08641395008453,-35.547989680476746,401.990834165201
